turn_key,system,fire_s,speech_end_s,audio_duration_s,category_strict,category_generous,pause_start_s,pause_end_s,chunk_before_pause
afterthought_09f9b16c52b7bac5,turn-aware-qwen3-asr,7.36,23.580000000000002,23.68000030517578,complete pause,complete pause,7.0200000000000005,10.4,Hi yeah I need to exchange a wrist brace order GX-19356 medium for a small it's just too loose to type in all day.
afterthought_2bb910fb1ac10a7e,turn-aware-qwen3-asr,4.64,16.14,16.280000686645508,complete pause,complete pause,4.32,5.44,"Sure thing, it's K, six-five-five-five, A-F, my almost-lucky number, ha!"
afterthought_2d855f8c93058c25,turn-aware-qwen3-asr,6.4,14.52,14.619999885559082,complete pause,complete pause,6.140000000000001,7.16,"change the shipping address on an order I placed, it's a patio heater."
afterthought_599805fdb153c3cd,turn-aware-qwen3-asr,4.8,20.68,20.84000015258789,mid-sentence pause,mid-sentence pause,4.54,6.18,"I would like to dispute the overage charge on account number nine six seven two,"
afterthought_6221323053b26399,turn-aware-qwen3-asr,7.84,18.68,18.739999771118164,complete pause,complete pause,7.5,8.38,"Yes, fine, it's 4598, and the charge was $445.98, hit twice on the same date."
afterthought_71fb343cb048d398,turn-aware-qwen3-asr,7.84,31.580000000000002,31.719999313354492,mid-sentence pause,mid-sentence pause,4.8,8.28,"Good afternoon, this is regarding my appointment with Dr. Halvorsen scheduled for next"
afterthought_9d58a6ceed4629f4,turn-aware-qwen3-asr,6.72,15.58,15.699999809265137,complete pause,complete pause,6.28,7.24,Kayode. K-A-Y-O-D-E. Account number 2478-6693.
afterthought_9e713c4cd936d7cb,turn-aware-qwen3-asr,6.24,19.36,19.520000457763672,complete pause,complete pause,5.78,7.98,"Oh, sure, it's order number 8662, um, 4471."
afterthought_bbde89918ab3eaa1,turn-aware-qwen3-asr,6.5600000000000005,18.38,18.559999465942383,complete pause,complete pause,6.2,8.84,My license number ends in 1042 and I need to move my October 4th appointment at the Ogden DMV.
afterthought_c2566d70674e1728,turn-aware-qwen3-asr,7.2,20.240000000000002,20.239999771118164,complete pause,complete pause,6.86,9.42,"Well, I traded in my old sedan, dear, and I need to add the new car to my policy before the renewal goes through."
afterthought_c6b6c8cf44dae87f,turn-aware-qwen3-asr,6.5600000000000005,18.12,18.1200008392334,complete pause,complete pause,6.18,7.0,"Okay, it's mateo.jaramillo8497@gmail.com, did you get that okay?"
afterthought_c8d402ab2501e19a,turn-aware-qwen3-asr,2.72,12.22,12.279999732971191,complete pause,complete pause,2.34,2.96,It's account ending in 4477.
afterthought_d0a8dd7d49e6b3a7,turn-aware-qwen3-asr,9.76,22.44,22.59000015258789,complete pause,complete pause,9.44,9.82,"for 86.26 dollars, it hit twice on the 8th I believe."
afterthought_d163f6ad6c39e54b,turn-aware-qwen3-asr,7.68,16.580000000000002,16.719999313354492,complete pause,complete pause,7.32,9.26,"My name's Ren Nakashima, address is 1754 Bay Court, Dover, Delaware, 19904."
afterthought_d4bd3ea37ca0f56e,turn-aware-qwen3-asr,3.36,15.98,16.030000686645508,complete pause,complete pause,3.08,3.88,"It's N-A-S-S-O-U-R, Nassour."
afterthought_db18402e6dc04014,turn-aware-qwen3-asr,5.6000000000000005,18.0,18.15999984741211,complete pause,complete pause,5.16,6.98,"Yes, I would like to renew my commercial driver's licence endorsement, please, before it expires next month."
afterthought_e26c582e7ccad464,turn-aware-qwen3-asr,5.76,5.4,5.519999980926514,at turn end,at turn end,,,
afterthought_e4c993ec4c35fa3f,turn-aware-qwen3-asr,4.32,10.58,10.65999984741211,complete pause,complete pause,3.86,4.5,"Well, I need to move my train trip from Seattle to Portland from the 14th to the 7th."
backchannel_03d7c65439adc9f3,turn-aware-qwen3-asr,1.76,22.02,22.15999984741211,complete pause,complete pause,1.28,5.1000000000000005,"Alright, hold on."
backchannel_313ce8afc6c51a5d,turn-aware-qwen3-asr,1.92,24.080000000000002,24.15999984741211,complete pause,complete pause,1.54,5.76,"Well, howdy there."
backchannel_32242efca4b420c8,turn-aware-qwen3-asr,1.76,15.48,15.640000343322754,complete pause,complete pause,1.44,4.6000000000000005,"Okay, hold on a second."
backchannel_514e1eb5e85d43b3,turn-aware-qwen3-asr,4.16,12.6,12.720000267028809,complete pause,complete pause,3.7800000000000002,4.7,"Hold on a second, hang on."
backchannel_68ec52fb3f0fba9e,turn-aware-qwen3-asr,1.92,14.3,14.479999542236328,complete pause,complete pause,1.54,3.2,"Yes, thank you for asking."
backchannel_80ac020cdce208d6,turn-aware-qwen3-asr,2.4,20.36,20.479999542236328,complete pause,complete pause,1.94,5.2,"Yes, hold on a second."
backchannel_83855b7e46498723,turn-aware-qwen3-asr,2.24,14.22,14.399999618530273,complete pause,complete pause,1.84,4.0200000000000005,"Yes, one moment please."
backchannel_8779da1120ab5a49,turn-aware-qwen3-asr,1.92,10.620000000000001,10.800000190734863,complete pause,complete pause,1.56,3.18,"Um, let me think."
backchannel_9d606119130a61ca,turn-aware-qwen3-asr,1.28,11.72,11.760000228881836,complete pause,complete pause,0.9400000000000001,4.66,Hold on a second.
backchannel_a530853bee87e63d,turn-aware-qwen3-asr,1.28,8.1,8.239999771118164,complete pause,complete pause,0.9,2.94,Hold on.
backchannel_b803eb10e079d109,turn-aware-qwen3-asr,1.44,13.16,13.279999732971191,complete pause,complete pause,1.1,4.48,"Um, let me think."
digit_groups_2aea06808947db5b,turn-aware-qwen3-asr,3.36,6.38,6.420000076293945,complete pause,complete pause,3.08,3.42,Confirmation number DX4958.
digit_groups_718268039e945b93,turn-aware-qwen3-asr,2.88,10.38,10.510000228881836,complete pause,complete pause,2.48,3.04,"Sure, it's policy number A-X-A."
digit_groups_7e515da4242f9361,turn-aware-qwen3-asr,5.6000000000000005,22.18,22.399999618530273,complete pause,complete pause,5.3,6.42,"oh well, i'm doing alright, knees are giving me some trouble with this cold snap coming in."
digit_groups_89722df7e6fed501,turn-aware-qwen3-asr,2.08,18.64,18.68000030517578,mid-sentence pause,mid-sentence pause,1.6600000000000001,5.32,"Um, sorry, yes,"
digit_groups_8d0eb0aab9e7add1,turn-aware-qwen3-asr,2.56,10.82,10.90999984741211,complete pause,complete pause,2.2600000000000002,3.34,"Oh sure, let me find that for you."
digit_groups_929f4ff301514508,turn-aware-qwen3-asr,6.5600000000000005,15.44,15.680000305175781,complete pause,complete pause,6.12,8.1,me find that... it's my renewal reference number.
digit_groups_cf24c307b9c7b6bd,turn-aware-qwen3-asr,1.28,7.86,8.15999984741211,complete pause,complete pause,0.9400000000000001,3.64,Order number.
digit_groups_d36e63d6d403e31d,turn-aware-qwen3-asr,2.72,18.3,18.559999465942383,during speech,within-chunk pause,2.34,2.72,
digit_groups_fe4a6bd28c7c4071,turn-aware-qwen3-asr,4.32,12.98,13.239999771118164,complete pause,complete pause,2.16,4.44,"Yes, my phone number is 585."
elaboration_0a476bac5400396d,turn-aware-qwen3-asr,1.92,14.42,14.520000457763672,complete pause,complete pause,1.5,4.34,Don't know the exact date.
elaboration_0f65b567fde8614f,turn-aware-qwen3-asr,4.64,11.68,11.779999732971191,complete pause,complete pause,4.22,5.62,I would like to schedule an appointment to renew my commercial driver's licence endorsement.
elaboration_144b35a523a2a778,turn-aware-qwen3-asr,1.92,14.780000000000001,14.960000038146973,complete pause,complete pause,1.48,4.48,"Okay, um, thank you."
elaboration_166aa01f1e489e6c,turn-aware-qwen3-asr,5.12,12.82,12.979999542236328,complete pause,complete pause,4.64,5.74,Order number's 2171-8834.
elaboration_47ee6422cff2a5af,turn-aware-qwen3-asr,4.64,21.2,21.559999465942383,complete pause,complete pause,4.28,7.0600000000000005,"Oh sure, my card is on file there, the last four digits are four three three two."
elaboration_4da8628cc0e7e8b0,turn-aware-qwen3-asr,5.28,18.62,18.719999313354492,complete pause,complete pause,4.96,5.5,"Okay yeah, my number's area code 509, ending in 5825."
elaboration_5309c5360b995862,turn-aware-qwen3-asr,3.84,14.48,14.640000343322754,complete pause,complete pause,3.44,6.08,It's CL-96201738.
elaboration_5f178f2f7e08a5e6,turn-aware-qwen3-asr,3.68,18.3,18.399999618530273,complete pause,complete pause,3.36,6.3,"Hi, I need to file a shipping damage claim, please."
elaboration_61257cb6fcf957fe,turn-aware-qwen3-asr,4.8,17.98,18.059999465942383,complete pause,complete pause,4.4,5.66,"My last name is Chidjian, spelled C-H-I-D-J-I-A-N."
elaboration_8025215d7dcb0682,turn-aware-qwen3-asr,6.72,19.3,19.360000610351562,complete pause,complete pause,6.34,8.9,"Yes, of course, the confirmation code is D-X-1-4-6-8-R-2."
elaboration_a4a94e60a893d1c2,turn-aware-qwen3-asr,3.68,9.620000000000001,9.800000190734863,complete pause,complete pause,3.36,6.96,Address is 1796 Vine Street.
elaboration_d0758023c5b497bc,turn-aware-qwen3-asr,5.44,11.4,11.479999542236328,complete pause,complete pause,5.1000000000000005,6.54,Policy number is RG-7809-4412.
elaboration_e796e7bf9b8de8c3,turn-aware-qwen3-asr,5.6000000000000005,17.400000000000002,17.5,mid-sentence pause,mid-sentence pause,5.24,6.640000000000001,"Yes, I want to report the... how you say... the meter"
elaboration_e937d8e707d941c2,turn-aware-qwen3-asr,2.88,9.72,9.720000267028809,complete pause,complete pause,2.48,5.0,"Well, I'd like to add my grandson to the policy."
elaboration_f93c6d67e54688e1,turn-aware-qwen3-asr,3.84,17.400000000000002,17.479999542236328,complete pause,complete pause,3.48,4.26,My mobile number ending is three seven three six.
multi_request_02838a4f1cd8efe9,turn-aware-qwen3-asr,4.8,16.8,17.15999984741211,complete pause,complete pause,4.48,6.28,Order number's ORD-82160-F.
multi_request_07765074176fda31,turn-aware-qwen3-asr,3.2,18.68,18.719999313354492,complete pause,complete pause,2.96,6.58,"Yes, my card ending is one seven six nine."
multi_request_07e8fcfd8b3b5da9,turn-aware-qwen3-asr,5.28,23.740000000000002,23.84000015258789,complete pause,complete pause,5.04,8.26,"It's R7K1503X, R7K, one five zero three X."
multi_request_10358ab811a07023,turn-aware-qwen3-asr,2.88,14.1,14.239999771118164,complete pause,complete pause,2.44,5.62,It's 8T582FQ2.
multi_request_26a164326dd4e4e9,turn-aware-qwen3-asr,5.76,19.36,19.440000534057617,complete pause,complete pause,5.4,8.46,My order number is OD-0137-5589.
multi_request_3486220e1cf6f0e6,turn-aware-qwen3-asr,3.36,15.34,15.399999618530273,complete pause,complete pause,3.06,3.8000000000000003,Account number is 442087.
multi_request_358e94ca2777a819,turn-aware-qwen3-asr,3.84,13.5,13.710000038146973,complete pause,complete pause,3.5,4.3,CJ-4856-7723.
multi_request_38609458afd4348f,turn-aware-qwen3-asr,6.08,19.96,20.1200008392334,complete pause,complete pause,5.64,6.8,"Alrighty, my policy number is HOP-6039-WY."
multi_request_4300fd8617038c4d,turn-aware-qwen3-asr,7.36,20.54,20.639999389648438,complete pause,complete pause,7.0600000000000005,9.56,"Account's 2920-4471, appointment's the 14th at 2:20 with Kapoor."
multi_request_4440340207cd92a4,turn-aware-qwen3-asr,5.92,21.62,21.799999237060547,complete pause,complete pause,5.5600000000000005,7.38,Okay yeah so my bill this month is eighteen hundred dollars and fourteen cents which is insane.
multi_request_514ecabaf8752671,turn-aware-qwen3-asr,3.04,24.22,24.239999771118164,within-chunk pause,within-chunk pause,2.68,3.06,
multi_request_5477fc457b1b2123,turn-aware-qwen3-asr,5.92,27.12,27.280000686645508,complete pause,complete pause,5.54,9.34,I would like to formally dispute a data overage charge of sixty two dollars and twenty nine cents on my latest bill.
multi_request_56a038ebf6f85567,turn-aware-qwen3-asr,4.32,21.52,21.559999465942383,complete pause,complete pause,3.92,6.46,"Oh, thank you, my date of birth is March 5, 1946."
multi_request_5b39ad6fed5155e5,turn-aware-qwen3-asr,4.96,12.84,12.920000076293945,complete pause,complete pause,4.64,5.5600000000000005,"I need the duplicate charge reversed, that's two hundred dollars and twenty three cents."
multi_request_761de59d6e9a0594,turn-aware-qwen3-asr,1.12,10.66,10.779999732971191,complete pause,complete pause,0.64,1.54,Okay.
multi_request_7a10de7696caa068,turn-aware-qwen3-asr,3.36,13.24,13.5600004196167,complete pause,complete pause,3.06,4.92,Order number ends in 0432.
multi_request_7c87bfb11549fbf3,turn-aware-qwen3-asr,5.44,14.08,14.199999809265137,complete pause,complete pause,5.14,5.86,"Oh, sorry, sorry to bother you, it's B-T-S-2697."
multi_request_9d247b220d911f2a,turn-aware-qwen3-asr,6.4,15.76,15.800000190734863,complete pause,complete pause,5.96,7.04,"My name is Pacheco-Quiroz, P-A-C-H-E-C-O, hyphen, Q-U-I-R-O-Z."
multi_request_b99609221e61f9c3,turn-aware-qwen3-asr,4.48,11.78,11.9399995803833,complete pause,complete pause,4.16,4.6000000000000005,"Um, okay, so my confirmation code is 4K4A56."
multi_request_c802585d8a446d1e,turn-aware-qwen3-asr,3.84,13.9,14.039999961853027,complete pause,complete pause,3.56,4.98,"Yes, my patient ID is 2159."
multi_request_d149aeeda201f23c,turn-aware-qwen3-asr,5.12,17.72,17.719999313354492,complete pause,complete pause,4.76,5.94,Okay so my policy number is W P dash seventy one eighty five dash C A.
multi_request_f207e51d665fab54,turn-aware-qwen3-asr,4.8,20.68,20.719999313354492,complete pause,complete pause,4.42,7.8,"Good day, I am calling regarding my upcoming follow-up appointment with Dr. Simmons."
partial_entity_1fda22fff766378f,turn-aware-qwen3-asr,2.56,14.16,14.15999984741211,complete pause,complete pause,2.22,3.72,This is the third time I'm calling about this.
partial_entity_f530d099d8e9ea00,turn-aware-qwen3-asr,4.16,14.86,15.0,complete pause,complete pause,3.7800000000000002,6.3,"Sure thing, it's a burst pipe emergency, not my phone skills, though those are questionable too."
question_then_context_51c348f4cb94efc7,turn-aware-qwen3-asr,2.56,7.140000000000001,7.239999771118164,complete pause,complete pause,2.24,4.76,Can you exchange it instead of a refund.
question_then_context_85ac766f0f99609f,turn-aware-qwen3-asr,4.16,10.8,10.84000015258789,complete pause,complete pause,3.7600000000000002,6.44,"Oh, um, could I please give you my confirmation code now?"
question_then_context_8d33550d5c759a31,turn-aware-qwen3-asr,5.12,19.14,19.219999313354492,complete pause,complete pause,4.88,5.32,Can I go ahead and reschedule my physical therapy follow-up that's on the 14th at 2:15?
question_then_context_d5cf226545b4656f,turn-aware-qwen3-asr,4.0,9.98,10.09000015258789,complete pause,complete pause,3.58,4.36,Could you tell me first whether I must return the defective unit before a replacement is sent?
repair_5ff2b83bdb6194ff,turn-aware-qwen3-asr,1.28,7.46,7.599999904632568,during speech,within-chunk pause,0.74,1.28,
repair_673caabda7753d94,turn-aware-qwen3-asr,5.92,16.0,16.040000915527344,complete pause,complete pause,5.4,8.9,"Hi, yes, I need to get a refund - actually wait, can you first just pull up my order from March 5th?"
repair_68c04a8b21eec19f,turn-aware-qwen3-asr,6.72,16.78,17.0,complete pause,complete pause,6.34,9.72,Yeah so I want to dispute the charge from - actually can you just pull up my account with the reference code first?
repair_8f454b666fd505d7,turn-aware-qwen3-asr,4.16,9.1,9.239999771118164,complete pause,complete pause,3.7800000000000002,6.5,"Card ending in 96 - hang on, KAYLEE quiet down!"
repair_a7087e42bc27f7a7,turn-aware-qwen3-asr,6.88,9.76,9.770000457763672,complete pause,complete pause,6.5,7.04,"My address is 6714 Merrimack Street, Apart- actually, let me give you my licence number first."
repair_b3fb44b0b6df8ca3,turn-aware-qwen3-asr,10.24,9.84,9.84000015258789,at turn end,at turn end,,,
repair_b80e8fb370625286,turn-aware-qwen3-asr,6.4,6.12,6.159999847412109,at turn end,at turn end,,,
repair_e32aa295aaee9673,turn-aware-qwen3-asr,9.44,15.72,15.920000076293945,complete pause,complete pause,9.14,11.42,"W7T401X - actually wait, is that the right one for tomorrow's flight?"
repair_f8b304971011cb12,turn-aware-qwen3-asr,7.04,11.18,11.380000114440918,complete pause,complete pause,6.68,8.08,"It's D2154K - actually, wait, can you first tell me if the two fifteen connection still even exists on Thursday?"
self_correction_34e0e5331a9e2991,turn-aware-qwen3-asr,2.56,18.78,19.040000915527344,complete pause,complete pause,2.1,3.08,"Oh sure, let me get that for you, hold on."
self_correction_3e6c16bdfd132391,turn-aware-qwen3-asr,2.88,17.2,17.360000610351562,complete pause,complete pause,2.42,6.04,"Yeah, the card ending in 4504."
self_correction_460a6b4f8a4fd686,turn-aware-qwen3-asr,6.5600000000000005,21.46,21.459999084472656,complete pause,complete pause,6.12,6.82,"Sure thing, it's confirmation AX7528Q, like a secret spy code."
self_correction_496725a909b408b4,turn-aware-qwen3-asr,8.0,19.26,19.31999969482422,complete pause,complete pause,7.66,8.94,"Okay great thank you, so my order number is 7318-4492 and it came in on August 7th."
self_correction_61979500519812e9,turn-aware-qwen3-asr,5.6000000000000005,11.700000000000001,11.899999618530273,complete pause,complete pause,5.34,6.2,"Yeah, my policy number is 627498215."
self_correction_77cac1ae9cc97eec,turn-aware-qwen3-asr,1.76,14.06,14.15999984741211,complete pause,complete pause,1.44,3.92,"Okay, um, thank you."
self_correction_932283ddc2a57804,turn-aware-qwen3-asr,5.76,16.46,16.559999465942383,complete pause,complete pause,5.36,7.96,"My case number is 1756, I reported this outage on March 17th."
self_correction_ab5ab3afd8e7e435,turn-aware-qwen3-asr,4.0,24.32,24.31999969482422,complete pause,complete pause,3.7600000000000002,5.58,"Yeah, it's F-H, dash, five-four... five-seven-three."
self_correction_b7fb5d2ab95d794d,turn-aware-qwen3-asr,5.44,26.04,26.079999923706055,mid-sentence pause,mid-sentence pause,2.82,5.46,"Whew, it is hot out here today, my cows have"
self_correction_bc298977875995d0,turn-aware-qwen3-asr,2.72,16.12,16.219999313354492,complete pause,complete pause,2.32,3.7600000000000002,"Okay, thank you, I appreciate that."
self_correction_ca9cf55fb010c1a5,turn-aware-qwen3-asr,0.96,6.78,6.920000076293945,complete pause,complete pause,0.56,1.72,Fine.
self_correction_cae6662cda5dd203,turn-aware-qwen3-asr,8.64,32.94,33.0,complete pause,complete pause,8.2,11.94,"Yeah it's permit EP-3610-22, job site's 3610 Barrancas Avenue in Pensacola."
self_correction_eca782cfe44af90d,turn-aware-qwen3-asr,10.08,19.5,19.68000030517578,complete pause,complete pause,9.82,10.74,"Wait, sorry, that's the confirmation code, not the flight number, let me think."
short_confirmation_1ab947b9ef24006a,turn-aware-qwen3-asr,3.84,3.5,3.5199999809265137,at turn end,at turn end,,,
short_confirmation_3a74fd7b7731fc0d,turn-aware-qwen3-asr,2.08,1.74,1.840000033378601,at turn end,at turn end,,,
short_confirmation_3bc2a556319163f1,turn-aware-qwen3-asr,1.28,0.78,1.0399999618530273,at turn end,at turn end,,,
short_confirmation_3fd1631ef3fc58ea,turn-aware-qwen3-asr,1.44,1.1,1.2799999713897705,at turn end,at turn end,,,
short_confirmation_55f10ad688dc83c9,turn-aware-qwen3-asr,2.24,1.8,1.9199999570846558,at turn end,at turn end,,,
short_confirmation_61de1f7a8dd9169b,turn-aware-qwen3-asr,3.84,3.4,3.5999999046325684,at turn end,at turn end,,,
short_confirmation_694d9b051d58ba28,turn-aware-qwen3-asr,2.08,1.68,1.9199999570846558,at turn end,at turn end,,,
short_confirmation_8bc57dfdc545cf57,turn-aware-qwen3-asr,5.12,4.66,4.880000114440918,at turn end,at turn end,,,
short_confirmation_a5da3a5208745e03,turn-aware-qwen3-asr,4.64,4.28,4.409999847412109,at turn end,at turn end,,,
short_confirmation_a8995fb87ecf0ae1,turn-aware-qwen3-asr,2.08,1.72,2.0,at turn end,at turn end,,,
short_confirmation_b6ed8db99395206e,turn-aware-qwen3-asr,4.48,3.98,4.28000020980835,at turn end,at turn end,,,
short_confirmation_d37cd36ecb2c7ebb,turn-aware-qwen3-asr,5.28,4.94,5.039999961853027,at turn end,at turn end,,,
short_confirmation_d386c2f9eea1e23a,turn-aware-qwen3-asr,1.44,1.06,1.3600000143051147,at turn end,at turn end,,,
short_confirmation_dc00050fa2fe7214,turn-aware-qwen3-asr,4.16,3.8000000000000003,3.8399999141693115,at turn end,at turn end,,,
short_confirmation_f60b370ce0253269,turn-aware-qwen3-asr,2.24,1.86,2.0799999237060547,at turn end,at turn end,,,
short_question_0ce6a166d2abe0c5,turn-aware-qwen3-asr,4.32,4.0,4.28000020980835,at turn end,at turn end,,,
short_question_242768038719905b,turn-aware-qwen3-asr,1.6,1.2,1.440000057220459,at turn end,at turn end,,,
short_question_33f83f62646a012f,turn-aware-qwen3-asr,1.92,1.56,1.600000023841858,at turn end,at turn end,,,
short_question_5cb5fd0cf91b7070,turn-aware-qwen3-asr,1.6,1.24,1.3600000143051147,at turn end,at turn end,,,
short_question_611fb8bd4a359011,turn-aware-qwen3-asr,2.24,1.8800000000000001,1.9199999570846558,at turn end,at turn end,,,
short_question_a20bc07e1f956f44,turn-aware-qwen3-asr,1.92,1.54,1.840000033378601,at turn end,at turn end,,,
short_question_c2680fb0bed93641,turn-aware-qwen3-asr,4.32,3.8200000000000003,4.090000152587891,at turn end,at turn end,,,
short_question_d7ad3f776b02a62b,turn-aware-qwen3-asr,4.64,4.3,4.400000095367432,at turn end,at turn end,,,
single_request_0cccbb6cf1787be3,turn-aware-qwen3-asr,7.04,6.78,6.960000038146973,at turn end,at turn end,,,
single_request_29d57d85169f964c,turn-aware-qwen3-asr,7.36,7.0600000000000005,7.119999885559082,at turn end,at turn end,,,
single_request_474c7d879ab5f8ad,turn-aware-qwen3-asr,3.36,6.08,6.159999847412109,within-chunk pause,within-chunk pause,2.98,3.52,
single_request_ed076f68bf5cd561,turn-aware-qwen3-asr,8.64,8.34,8.489999771118164,at turn end,at turn end,,,
spell_out_00bdcf59421d53b4,turn-aware-qwen3-asr,2.72,11.92,11.979999542236328,complete pause,complete pause,2.4,3.64,"Thank you, I appreciate that update."
spell_out_0709e091d8f71395,turn-aware-qwen3-asr,6.5600000000000005,14.56,14.699999809265137,complete pause,complete pause,6.24,7.18,"Sure thing, my order number is O-R-D-dash-3260847."
spell_out_0cc09c590164143c,turn-aware-qwen3-asr,8.48,16.0,16.1200008392334,complete pause,complete pause,8.08,9.42,"Okay yeah it's my claim number for the outage thing, CLM-56347-VQ, that's the one they gave me when the tech came out."
spell_out_1008abf783e671c5,turn-aware-qwen3-asr,7.04,15.9,16.079999923706055,complete pause,complete pause,6.68,8.540000000000001,"Okay good, now I need to get my last name spelled right in the system too so there's no mix up when I call back."
spell_out_10f7e8f502d93d02,turn-aware-qwen3-asr,4.0,13.040000000000001,13.260000228881836,complete pause,complete pause,3.62,4.68,It's account number 4471235818.
spell_out_1b53ce7234b63be5,turn-aware-qwen3-asr,9.12,27.060000000000002,27.239999771118164,complete pause,complete pause,8.84,12.200000000000001,"Yeah hi so my order number is ORD-8593214, I'm moving out the 8th of next month and need the meter read and final bill set up."
spell_out_30fd2d95716e6fa6,turn-aware-qwen3-asr,4.96,22.86,23.040000915527344,complete pause,complete pause,4.5600000000000005,5.74,"Yes, my order number is two-six-two-four, dash, eight-eight-seven-one."
spell_out_598b769224634912,turn-aware-qwen3-asr,6.5600000000000005,12.700000000000001,12.920000076293945,complete pause,complete pause,6.22,7.28,Policy number's 730425071183.
spell_out_5c03a17abcb46dd7,turn-aware-qwen3-asr,2.88,13.26,13.4399995803833,complete pause,complete pause,2.38,5.44,This is my third call about this.
spell_out_b0318c57a03f1d79,turn-aware-qwen3-asr,2.24,14.120000000000001,14.119999885559082,complete pause,complete pause,1.78,3.94,"Oh sure, let me think here."
spell_out_b868a11b8bc519eb,turn-aware-qwen3-asr,3.36,17.14,17.31999969482422,complete pause,complete pause,2.96,6.28,My account number ends in one-four-four-eight.
spell_out_e4b42eadde069f22,turn-aware-qwen3-asr,0.8,12.16,12.319999694824219,complete pause,complete pause,0.38,3.72,Good.
trailing_entity_119922b241e7072a,turn-aware-qwen3-asr,3.36,15.72,15.800000190734863,complete pause,complete pause,2.98,3.5,"Yeah, I need to push back my follow-up with Dr. Alvarez."
trailing_entity_1507736bc809312c,turn-aware-qwen3-asr,3.36,20.44,20.440000534057617,complete pause,complete pause,3.1,6.5,"I need to exchange a jacket, wrong size."
trailing_entity_1b9c03bcc52b9a49,turn-aware-qwen3-asr,2.08,14.22,14.239999771118164,complete pause,complete pause,1.72,4.92,It's my Premier Checking account.
trailing_entity_1bf1a0a48e0f31be,turn-aware-qwen3-asr,1.44,13.34,13.4399995803833,complete pause,complete pause,1.12,3.7,"Yes, I have that here."
trailing_entity_2340401d28ccb160,turn-aware-qwen3-asr,1.28,27.66,27.920000076293945,within-chunk pause,within-chunk pause,0.9,1.58,
trailing_entity_255a616bd73d2d21,turn-aware-qwen3-asr,3.36,16.9,17.0,complete pause,complete pause,3.04,4.18,"Certainly, I can provide both pieces of information."
trailing_entity_27d3aac324283930,turn-aware-qwen3-asr,5.92,25.54,25.639999389648438,complete pause,complete pause,5.5200000000000005,8.66,"Whew, it is sticky out there today, real thick air, my cows have been ornery about going out in it."
trailing_entity_324c5bd25a82465a,turn-aware-qwen3-asr,1.28,16.18,16.360000610351562,complete pause,complete pause,0.86,3.18,"Alright, good."
trailing_entity_39100397932de390,turn-aware-qwen3-asr,1.6,14.1,14.199999809265137,complete pause,complete pause,1.12,3.14,Okay good.
trailing_entity_3c46cddcc7e5c853,turn-aware-qwen3-asr,5.12,26.32,26.440000534057617,complete pause,complete pause,4.72,8.42,"Oh boy, it is sticky out here today, that Gulfport humidity just sits on you like a wet towel."
trailing_entity_3e920a01cb91f82c,turn-aware-qwen3-asr,3.36,25.68,25.920000076293945,complete pause,complete pause,3.02,6.28,"Oh, thank you so much, I really appreciate that."
trailing_entity_41ad6cb712da543a,turn-aware-qwen3-asr,3.2,16.240000000000002,16.440000534057617,complete pause,complete pause,2.7800000000000002,4.58,Flight's AA6545.
trailing_entity_527c37a869c32e86,turn-aware-qwen3-asr,3.36,14.0,14.279999732971191,complete pause,complete pause,2.92,4.66,Confirmation code is JT9666P.
trailing_entity_54421f888412646a,turn-aware-qwen3-asr,3.2,19.88,20.079999923706055,complete pause,complete pause,2.7800000000000002,5.16,"Hold on, my grandson's got that TV up too loud."
trailing_entity_546d9f682ed5b742,turn-aware-qwen3-asr,6.72,22.78,22.920000076293945,complete pause,complete pause,6.34,9.08,Okay good but I still need somebody to look into why my internet keeps dropping every single night right around milking time.
trailing_entity_596c033b24dcec98,turn-aware-qwen3-asr,2.88,18.28,18.31999969482422,mid-sentence pause,mid-sentence pause,2.48,4.76,I need a replacement power adapter
trailing_entity_5a85f64e0feb954b,turn-aware-qwen3-asr,3.04,11.02,11.15999984741211,complete pause,complete pause,2.62,3.06,This is my third call about this exact same issue.
trailing_entity_71c8ffdd3843cc0d,turn-aware-qwen3-asr,4.96,8.78,9.079999923706055,complete pause,complete pause,4.48,5.5600000000000005,"I don't have my PIN memorized, but I can give you the account ending digits instead."
trailing_entity_7b7df52de6bac072,turn-aware-qwen3-asr,2.08,15.9,16.1200008392334,complete pause,complete pause,1.72,4.82,"Oh, of course, dear, let me think a moment."
trailing_entity_8152cee6b7f38813,turn-aware-qwen3-asr,2.56,10.5,10.720000267028809,complete pause,complete pause,2.12,4.82,"Yeah, it's about a charge on my bill."
trailing_entity_892cb2dc5e988a99,turn-aware-qwen3-asr,3.04,20.92,20.920000076293945,complete pause,complete pause,2.54,4.42,"Oh, well thank you for looking into that for me."
trailing_entity_940cb650be622303,turn-aware-qwen3-asr,2.4,18.04,18.1200008392334,complete pause,complete pause,2.02,4.48,"Okay, um, thank you so much."
trailing_entity_94b107c81ff29493,turn-aware-qwen3-asr,1.44,19.98,20.1200008392334,complete pause,complete pause,1.06,3.72,Good afternoon.
trailing_entity_a9ef2ffe10d56208,turn-aware-qwen3-asr,5.12,24.46,24.6200008392334,complete pause,complete pause,4.7,6.18,"I appreciate that, but I still need this overage charge corrected on my account."
trailing_entity_b03586eb0f9cb00d,turn-aware-qwen3-asr,5.76,22.8,22.959999084472656,mid-sentence pause,mid-sentence pause,5.5,7.0,"Well, my first flight's running late, so my layover in Cleveland is looking tighter than my work boots"
trailing_entity_b6910e71d333cd96,turn-aware-qwen3-asr,2.24,15.120000000000001,15.199999809265137,complete pause,complete pause,1.9000000000000001,4.4,"Oh, okay, yeah, I have that right here."
trailing_entity_b7c423d5ec105680,turn-aware-qwen3-asr,2.24,14.280000000000001,14.279999732971191,complete pause,complete pause,1.86,4.36,It's a Dell Inspiron 15.
trailing_entity_c0a3e69fe2aaae7d,turn-aware-qwen3-asr,5.44,15.38,15.390000343322754,complete pause,complete pause,5.12,6.1000000000000005,"Yes, thank you, I would like to... how do you say... reschedule my appointment with Dr. Osei."
trailing_entity_d1be0268d12f698b,turn-aware-qwen3-asr,2.08,9.88,10.020000457763672,complete pause,complete pause,1.74,2.5,It's on Vassar Street in Reno.
trailing_entity_ec33b16ae036e7c0,turn-aware-qwen3-asr,4.32,18.96,19.040000915527344,mid-sentence pause,mid-sentence pause,3.92,5.5600000000000005,"Look, I need this refund processed right now, my order came missing"
trailing_entity_f3e4d6e0deab25f1,turn-aware-qwen3-asr,2.88,9.72,9.800000190734863,complete pause,complete pause,2.54,3.66,I already gave you my account info online.
trailing_entity_f69d9c6c4e3cecab,turn-aware-qwen3-asr,2.4,21.88,21.959999084472656,complete pause,complete pause,2.06,4.1,"Oh, thank you for looking into that."
trails_off_06745c53e5361286,turn-aware-qwen3-asr,5.6000000000000005,21.68,21.709999084472656,complete pause,complete pause,5.28,5.88,"Well hi there, beautiful day here in Chattanooga, little warm for golf but I'm not complaining."
trails_off_09ff46fc461766f1,turn-aware-qwen3-asr,3.36,21.42,21.420000076293945,complete pause,complete pause,3.06,4.16,"Alright, thanks for confirming, appreciate that, boss."
trails_off_0a79f4abc1f2f7d5,turn-aware-qwen3-asr,3.36,12.36,12.640000343322754,complete pause,complete pause,2.98,6.46,I need to pay my overdue water and energy bill.
trails_off_1125f1f1f88cda73,turn-aware-qwen3-asr,1.12,20.46,20.479999542236328,within-chunk pause,within-chunk pause,0.7000000000000001,1.1400000000000001,
trails_off_147bc005838fa2c4,turn-aware-qwen3-asr,1.6,20.240000000000002,20.440000534057617,complete pause,complete pause,1.2,2.06,"Okay, thank you."
trails_off_19f9fbeef321aab3,turn-aware-qwen3-asr,1.44,15.780000000000001,15.920000076293945,complete pause,complete pause,1.04,2.7600000000000002,"Okay, good, thanks."
trails_off_1b458742bc038091,turn-aware-qwen3-asr,6.24,13.32,13.420000076293945,complete pause,complete pause,5.7,7.0600000000000005,"last Tuesday, that's the date I have."
trails_off_1d5a1152a4791fd0,turn-aware-qwen3-asr,9.6,13.6,13.619999885559082,within-chunk pause,within-chunk pause,9.200000000000001,10.24,
trails_off_1d6d7c49b5eb1197,turn-aware-qwen3-asr,4.0,10.200000000000001,10.239999771118164,complete pause,complete pause,3.58,5.5600000000000005,"Hey, so my patient ID is 9217A."
trails_off_200d7db279bd0d8f,turn-aware-qwen3-asr,3.04,14.1,14.220000267028809,complete pause,complete pause,2.54,3.72,"Oh, um, sure, sorry, let me find it."
trails_off_290744e1b1ba88c8,turn-aware-qwen3-asr,3.36,23.16,23.15999984741211,complete pause,complete pause,3.0,4.96,"Good day, this is Nabil Osseiran calling."
trails_off_2f02c322131e5dba,turn-aware-qwen3-asr,3.2,14.08,14.15999984741211,complete pause,complete pause,2.82,6.36,"Sure, it's T4X9570."
trails_off_72d0a1088d6f9467,turn-aware-qwen3-asr,3.52,12.9,13.079999923706055,complete pause,complete pause,3.2800000000000002,4.64,Yeah so the card ending is 8-8-8-9.
trails_off_8339fa09bf8a2261,turn-aware-qwen3-asr,2.08,16.66,16.719999313354492,complete pause,complete pause,1.7,3.22,"Oh, thank you very much."
trails_off_87a7f55f711fbc9d,turn-aware-qwen3-asr,2.24,22.84,22.920000076293945,complete pause,complete pause,1.8800000000000001,5.4,"Oh boy, okay, let me think."
trails_off_b28bd6cf79d8c5cd,turn-aware-qwen3-asr,2.56,7.58,7.619999885559082,complete pause,complete pause,2.18,3.02,M6499XR.
trails_off_b6780c31a7b336c9,turn-aware-qwen3-asr,4.48,18.240000000000002,18.31999969482422,complete pause,complete pause,4.08,7.94,"It's HI-3791037, that's my renewal order number."
trails_off_ba0c1dc1c830e416,turn-aware-qwen3-asr,5.28,22.78,22.84000015258789,complete pause,complete pause,4.98,6.72,"Oh, well, let me tell you about Biscuit first, he's a standard poodle I did up this morning, sweetest thing."
trails_off_c1106b9078452214,turn-aware-qwen3-asr,2.56,20.36,20.399999618530273,complete pause,complete pause,2.06,3.48,"Well, howdy there, thanks for pickin' up."
trails_off_c8408bfd7e5265ca,turn-aware-qwen3-asr,6.4,12.92,12.920000076293945,complete pause,complete pause,5.98,8.4,a smaller size.
trails_off_c8e23811aee9ad67,turn-aware-qwen3-asr,5.92,17.080000000000002,17.1200008392334,complete pause,complete pause,5.64,7.2,"Hi, yes, I got a notice saying my water meter reading wasn't submitted this quarter, and I'm worried about a penalty."
trails_off_cb581f3f0c229bd5,turn-aware-qwen3-asr,3.52,21.86,22.0,complete pause,complete pause,3.18,4.84,"Well, aside from cracking a few electrical puns, I've got a couple of things."
trails_off_d3161f2c66b66ff1,turn-aware-qwen3-asr,2.56,23.78,23.920000076293945,complete pause,complete pause,2.1,4.78,"Oh, music to my ears, thank you so much!"
trails_off_ea9cc3f51ed4d510,turn-aware-qwen3-asr,1.76,19.44,19.559999465942383,complete pause,complete pause,1.3,3.46,"Okay great, thank you."
trails_off_f25b57aa5f000bca,turn-aware-qwen3-asr,4.32,15.32,15.399999618530273,complete pause,complete pause,3.92,4.48,not an answer to why it's been a month.
trails_off_f989343973a49594,turn-aware-qwen3-asr,4.32,9.86,10.180000305175781,complete pause,complete pause,4.0200000000000005,5.0,My reference code is BZ3204XQ.
afterthought_09f9b16c52b7bac5,assemblyai:balanced,7.566999912261963,23.580000000000002,23.68000030517578,complete pause,complete pause,7.0200000000000005,10.4,Hi yeah I need to exchange a wrist brace order GX-19356 medium for a small it's just too loose to type in all day.
afterthought_2bb910fb1ac10a7e,assemblyai:balanced,4.765999794006348,16.14,16.280000686645508,complete pause,complete pause,4.32,5.44,"Sure thing, it's K, six-five-five-five, A-F, my almost-lucky number, ha!"
afterthought_2d855f8c93058c25,assemblyai:balanced,1.7660000324249268,14.52,14.619999885559082,mid-sentence pause,mid-sentence pause,1.36,2.5,"Hi, I need to"
afterthought_599805fdb153c3cd,assemblyai:balanced,5.959000110626221,20.68,20.84000015258789,mid-sentence pause,mid-sentence pause,4.54,6.18,"I would like to dispute the overage charge on account number nine six seven two,"
afterthought_6221323053b26399,assemblyai:balanced,8.0649995803833,18.68,18.739999771118164,complete pause,complete pause,7.5,8.38,"Yes, fine, it's 4598, and the charge was $445.98, hit twice on the same date."
afterthought_71fb343cb048d398,assemblyai:balanced,5.263999938964844,31.580000000000002,31.719999313354492,mid-sentence pause,mid-sentence pause,4.8,8.28,"Good afternoon, this is regarding my appointment with Dr. Halvorsen scheduled for next"
afterthought_9d58a6ceed4629f4,assemblyai:balanced,9.767000198364258,15.58,15.699999809265137,within-chunk pause,within-chunk pause,9.34,9.86,
afterthought_9e713c4cd936d7cb,assemblyai:balanced,7.2779998779296875,19.36,19.520000457763672,complete pause,complete pause,5.78,7.98,"Oh, sure, it's order number 8662, um, 4471."
afterthought_bbde89918ab3eaa1,assemblyai:balanced,7.672999858856201,18.38,18.559999465942383,complete pause,complete pause,6.2,8.84,My license number ends in 1042 and I need to move my October 4th appointment at the Ogden DMV.
afterthought_c2566d70674e1728,assemblyai:balanced,7.264999866485596,20.240000000000002,20.239999771118164,complete pause,complete pause,6.86,9.42,"Well, I traded in my old sedan, dear, and I need to add the new car to my policy before the renewal goes through."
afterthought_c6b6c8cf44dae87f,assemblyai:balanced,6.563000202178955,18.12,18.1200008392334,complete pause,complete pause,6.18,7.0,"Okay, it's mateo.jaramillo8497@gmail.com, did you get that okay?"
afterthought_c8d402ab2501e19a,assemblyai:balanced,12.765999794006348,12.22,12.279999732971191,at turn end,at turn end,,,
afterthought_d0a8dd7d49e6b3a7,assemblyai:balanced,22.867000579833984,22.44,22.59000015258789,at turn end,at turn end,,,
afterthought_d163f6ad6c39e54b,assemblyai:balanced,8.954000473022461,16.580000000000002,16.719999313354492,complete pause,complete pause,7.32,9.26,"My name's Ren Nakashima, address is 1754 Bay Court, Dover, Delaware, 19904."
afterthought_d4bd3ea37ca0f56e,assemblyai:balanced,3.566999912261963,15.98,16.030000686645508,complete pause,complete pause,3.08,3.88,"It's N-A-S-S-O-U-R, Nassour."
afterthought_db18402e6dc04014,assemblyai:balanced,5.765999794006348,18.0,18.15999984741211,complete pause,complete pause,5.16,6.98,"Yes, I would like to renew my commercial driver's licence endorsement, please, before it expires next month."
afterthought_e26c582e7ccad464,assemblyai:balanced,6.953999996185303,5.4,5.519999980926514,at turn end,at turn end,,,
afterthought_e4c993ec4c35fa3f,assemblyai:balanced,11.164999961853027,10.58,10.65999984741211,at turn end,at turn end,,,
backchannel_03d7c65439adc9f3,assemblyai:balanced,1.7640000581741333,22.02,22.15999984741211,complete pause,complete pause,1.28,5.1000000000000005,"Alright, hold on."
backchannel_313ce8afc6c51a5d,assemblyai:balanced,1.9639999866485596,24.080000000000002,24.15999984741211,complete pause,complete pause,1.54,5.76,"Well, howdy there."
backchannel_32242efca4b420c8,assemblyai:balanced,1.7680000066757202,15.48,15.640000343322754,complete pause,complete pause,1.44,4.6000000000000005,"Okay, hold on a second."
backchannel_514e1eb5e85d43b3,assemblyai:balanced,2.063999891281128,12.6,12.720000267028809,complete pause,complete pause,1.58,2.52,"Um, let me think."
backchannel_68ec52fb3f0fba9e,assemblyai:balanced,1.9670000076293945,14.3,14.479999542236328,complete pause,complete pause,1.54,3.2,"Yes, thank you for asking."
backchannel_80ac020cdce208d6,assemblyai:balanced,2.365000009536743,20.36,20.479999542236328,complete pause,complete pause,1.94,5.2,"Yes, hold on a second."
backchannel_83855b7e46498723,assemblyai:balanced,2.1670000553131104,14.22,14.399999618530273,complete pause,complete pause,1.84,4.0200000000000005,"Yes, one moment please."
backchannel_8779da1120ab5a49,assemblyai:balanced,1.9670000076293945,10.620000000000001,10.800000190734863,complete pause,complete pause,1.56,3.18,"Um, let me think."
backchannel_9d606119130a61ca,assemblyai:balanced,1.465000033378601,11.72,11.760000228881836,complete pause,complete pause,0.9400000000000001,4.66,Hold on a second.
backchannel_a530853bee87e63d,assemblyai:balanced,1.3650000095367432,8.1,8.239999771118164,complete pause,complete pause,0.9,2.94,Hold on.
backchannel_b803eb10e079d109,assemblyai:balanced,1.7640000581741333,13.16,13.279999732971191,complete pause,complete pause,1.1,4.48,"Um, let me think."
digit_groups_2aea06808947db5b,assemblyai:balanced,4.668000221252441,6.38,6.420000076293945,mid-sentence pause,mid-sentence pause,4.2,5.0,Charge was
digit_groups_718268039e945b93,assemblyai:balanced,4.465000152587891,10.38,10.510000228881836,complete pause,complete pause,3.92,4.72,"Not now, sweetie."
digit_groups_7e515da4242f9361,assemblyai:balanced,5.77400016784668,22.18,22.399999618530273,complete pause,complete pause,5.3,6.42,"oh well, i'm doing alright, knees are giving me some trouble with this cold snap coming in."
digit_groups_89722df7e6fed501,assemblyai:balanced,2.065000057220459,18.64,18.68000030517578,mid-sentence pause,mid-sentence pause,1.6600000000000001,5.32,"Um, sorry, yes,"
digit_groups_8d0eb0aab9e7add1,assemblyai:balanced,2.565000057220459,10.82,10.90999984741211,complete pause,complete pause,2.2600000000000002,3.34,"Oh sure, let me find that for you."
digit_groups_929f4ff301514508,assemblyai:balanced,1.8660000562667847,15.44,15.680000305175781,mid-sentence pause,mid-sentence pause,1.32,3.56,"Oh, yes, let"
digit_groups_cf24c307b9c7b6bd,assemblyai:balanced,1.465000033378601,7.86,8.15999984741211,complete pause,complete pause,0.9400000000000001,3.64,Order number.
digit_groups_d36e63d6d403e31d,assemblyai:balanced,6.866000175476074,18.3,18.559999465942383,complete pause,complete pause,6.3,6.96,"Hey there, this is Stanislaw Skrzypczak, S-K-R-Z-Y-P-C-Z-A-K, yep it's a mouthful!"
digit_groups_fe4a6bd28c7c4071,assemblyai:balanced,3.6419999599456787,12.98,13.239999771118164,complete pause,complete pause,2.16,4.44,"Yes, my phone number is 585."
elaboration_0a476bac5400396d,assemblyai:balanced,2.065999984741211,14.42,14.520000457763672,complete pause,complete pause,1.5,4.34,Don't know the exact date.
elaboration_0f65b567fde8614f,assemblyai:balanced,4.764999866485596,11.68,11.779999732971191,complete pause,complete pause,4.22,5.62,I would like to schedule an appointment to renew my commercial driver's licence endorsement.
elaboration_144b35a523a2a778,assemblyai:balanced,1.965000033378601,14.780000000000001,14.960000038146973,complete pause,complete pause,1.48,4.48,"Okay, um, thank you."
elaboration_166aa01f1e489e6c,assemblyai:balanced,9.36400032043457,12.82,12.979999542236328,complete pause,complete pause,8.8,9.700000000000001,Placed three days ago with guaranteed two-day express shipping.
elaboration_47ee6422cff2a5af,assemblyai:balanced,5.800000190734863,21.2,21.559999465942383,complete pause,complete pause,4.28,7.0600000000000005,"Oh sure, my card is on file there, the last four digits are four three three two."
elaboration_4da8628cc0e7e8b0,assemblyai:balanced,9.064000129699707,18.62,18.719999313354492,during speech,complete pause,8.5,9.06,"Sorry, hold on- no, honey, don't touch that, wait a sec."
elaboration_5309c5360b995862,assemblyai:balanced,4.815999984741211,14.48,14.640000343322754,complete pause,complete pause,3.44,6.08,It's CL-96201738.
elaboration_5f178f2f7e08a5e6,assemblyai:balanced,3.7660000324249268,18.3,18.399999618530273,complete pause,complete pause,3.36,6.3,"Hi, I need to file a shipping damage claim, please."
elaboration_61257cb6fcf957fe,assemblyai:balanced,18.47100067138672,17.98,18.059999465942383,at turn end,at turn end,,,
elaboration_8025215d7dcb0682,assemblyai:balanced,7.88700008392334,19.3,19.360000610351562,complete pause,complete pause,6.34,8.9,"Yes, of course, the confirmation code is D-X-1-4-6-8-R-2."
elaboration_a4a94e60a893d1c2,assemblyai:balanced,4.869999885559082,9.620000000000001,9.800000190734863,complete pause,complete pause,3.36,6.96,Address is 1796 Vine Street.
elaboration_d0758023c5b497bc,assemblyai:balanced,11.864999771118164,11.4,11.479999542236328,at turn end,at turn end,,,
elaboration_e796e7bf9b8de8c3,assemblyai:balanced,5.765999794006348,17.400000000000002,17.5,mid-sentence pause,mid-sentence pause,5.24,6.640000000000001,"Yes, I want to report the... how you say... the meter"
elaboration_e937d8e707d941c2,assemblyai:balanced,2.9660000801086426,9.72,9.720000267028809,complete pause,complete pause,2.48,5.0,"Well, I'd like to add my grandson to the policy."
elaboration_f93c6d67e54688e1,assemblyai:balanced,10.767000198364258,17.400000000000002,17.479999542236328,complete pause,complete pause,10.26,11.200000000000001,I'd like to dispute a data overage charge of thirty seven dollars and thirty six cents on my latest bill.
multi_request_02838a4f1cd8efe9,assemblyai:balanced,5.8429999351501465,16.8,17.15999984741211,complete pause,complete pause,4.48,6.28,Order number's ORD-82160-F.
multi_request_07765074176fda31,assemblyai:balanced,4.455999851226807,18.68,18.719999313354492,complete pause,complete pause,2.96,6.58,"Yes, my card ending is one seven six nine."
multi_request_07e8fcfd8b3b5da9,assemblyai:balanced,6.46999979019165,23.740000000000002,23.84000015258789,complete pause,complete pause,5.04,8.26,"It's R7K1503X, R7K, one five zero three X."
multi_request_10358ab811a07023,assemblyai:balanced,3.9509999752044678,14.1,14.239999771118164,complete pause,complete pause,2.44,5.62,It's 8T582FQ2.
multi_request_26a164326dd4e4e9,assemblyai:balanced,6.894000053405762,19.36,19.440000534057617,complete pause,complete pause,5.4,8.46,My order number is OD-0137-5589.
multi_request_3486220e1cf6f0e6,assemblyai:balanced,15.765999794006348,15.34,15.399999618530273,at turn end,at turn end,,,
multi_request_358e94ca2777a819,assemblyai:balanced,7.363999843597412,13.5,13.710000038146973,complete pause,complete pause,6.88,7.8,I need to know why tracking hasn't moved in eleven days.
multi_request_38609458afd4348f,assemblyai:balanced,20.80699920654297,19.96,20.1200008392334,at turn end,at turn end,,,
multi_request_4300fd8617038c4d,assemblyai:balanced,8.548999786376953,20.54,20.639999389648438,complete pause,complete pause,7.0600000000000005,9.56,"Account's 2920-4471, appointment's the 14th at 2:20 with Kapoor."
multi_request_4440340207cd92a4,assemblyai:balanced,6.065999984741211,21.62,21.799999237060547,complete pause,complete pause,5.5600000000000005,7.38,Okay yeah so my bill this month is eighteen hundred dollars and fourteen cents which is insane.
multi_request_514ecabaf8752671,assemblyai:balanced,5.184000015258789,24.22,24.239999771118164,complete pause,complete pause,4.72,8.2,"Yeah it's W5318K2, that's the order confirmation code."
multi_request_5477fc457b1b2123,assemblyai:balanced,6.169000148773193,27.12,27.280000686645508,complete pause,complete pause,5.54,9.34,I would like to formally dispute a data overage charge of sixty two dollars and twenty nine cents on my latest bill.
multi_request_56a038ebf6f85567,assemblyai:balanced,5.421999931335449,21.52,21.559999465942383,complete pause,complete pause,3.92,6.46,"Oh, thank you, my date of birth is March 5, 1946."
multi_request_5b39ad6fed5155e5,assemblyai:balanced,9.364999771118164,12.84,12.920000076293945,complete pause,complete pause,8.9,10.16,I also want to know why my case notes weren't pulled up when I called the second time.
multi_request_761de59d6e9a0594,assemblyai:balanced,0.9679999947547913,10.66,10.779999732971191,complete pause,complete pause,0.64,1.54,Okay.
multi_request_7a10de7696caa068,assemblyai:balanced,4.543000221252441,13.24,13.5600004196167,complete pause,complete pause,3.06,4.92,Order number ends in 0432.
multi_request_7c87bfb11549fbf3,assemblyai:balanced,14.569000244140625,14.08,14.199999809265137,at turn end,at turn end,,,
multi_request_9d247b220d911f2a,assemblyai:balanced,10.468000411987305,15.76,15.800000190734863,complete pause,complete pause,10.0,11.040000000000001,I want to know why my renewal premium went up so much this year.
multi_request_b99609221e61f9c3,assemblyai:balanced,8.065999984741211,11.78,11.9399995803833,complete pause,complete pause,7.6000000000000005,8.1,I also need to change my flight because my shift got moved.
multi_request_c802585d8a446d1e,assemblyai:balanced,5.063000202178955,13.9,14.039999961853027,during speech,complete pause,3.56,4.98,"Yes, my patient ID is 2159."
multi_request_d149aeeda201f23c,assemblyai:balanced,18.167999267578125,17.72,17.719999313354492,at turn end,at turn end,,,
multi_request_f207e51d665fab54,assemblyai:balanced,4.964000225067139,20.68,20.719999313354492,complete pause,complete pause,4.42,7.8,"Good day, I am calling regarding my upcoming follow-up appointment with Dr. Simmons."
partial_entity_1fda22fff766378f,assemblyai:balanced,2.6679999828338623,14.16,14.15999984741211,complete pause,complete pause,2.22,3.72,This is the third time I'm calling about this.
partial_entity_f530d099d8e9ea00,assemblyai:balanced,4.464000225067139,14.86,15.0,complete pause,complete pause,3.7800000000000002,6.3,"Sure thing, it's a burst pipe emergency, not my phone skills, though those are questionable too."
question_then_context_51c348f4cb94efc7,assemblyai:balanced,2.6659998893737793,7.140000000000001,7.239999771118164,complete pause,complete pause,2.24,4.76,Can you exchange it instead of a refund.
question_then_context_85ac766f0f99609f,assemblyai:balanced,4.263000011444092,10.8,10.84000015258789,complete pause,complete pause,3.7600000000000002,6.44,"Oh, um, could I please give you my confirmation code now?"
question_then_context_8d33550d5c759a31,assemblyai:balanced,19.868000030517578,19.14,19.219999313354492,at turn end,at turn end,,,
question_then_context_d5cf226545b4656f,assemblyai:balanced,6.765999794006348,9.98,10.09000015258789,within-chunk pause,within-chunk pause,6.24,6.9,
repair_5ff2b83bdb6194ff,assemblyai:balanced,7.965000152587891,7.46,7.599999904632568,at turn end,at turn end,,,
repair_673caabda7753d94,assemblyai:balanced,2.565999984741211,16.0,16.040000915527344,during speech,within-chunk pause,2.18,2.54,
repair_68c04a8b21eec19f,assemblyai:balanced,6.767000198364258,16.78,17.0,complete pause,complete pause,6.34,9.72,Yeah so I want to dispute the charge from - actually can you just pull up my account with the reference code first?
repair_8f454b666fd505d7,assemblyai:balanced,4.164000034332275,9.1,9.239999771118164,complete pause,complete pause,3.7800000000000002,6.5,"Card ending in 96 - hang on, KAYLEE quiet down!"
repair_a7087e42bc27f7a7,assemblyai:balanced,6.965000152587891,9.76,9.770000457763672,complete pause,complete pause,6.5,7.04,"My address is 6714 Merrimack Street, Apart- actually, let me give you my licence number first."
repair_b3fb44b0b6df8ca3,assemblyai:balanced,11.331000328063965,9.84,9.84000015258789,at turn end,at turn end,,,
repair_b80e8fb370625286,assemblyai:balanced,2.063999891281128,6.12,6.159999847412109,within-chunk pause,within-chunk pause,1.6,2.22,
repair_e32aa295aaee9673,assemblyai:balanced,2.7860000133514404,15.72,15.920000076293945,mid-sentence pause,mid-sentence pause,1.12,4.0600000000000005,"Uh, yeah, it's"
repair_f8b304971011cb12,assemblyai:balanced,11.868000030517578,11.18,11.380000114440918,at turn end,at turn end,,,
self_correction_34e0e5331a9e2991,assemblyai:balanced,2.565999984741211,18.78,19.040000915527344,complete pause,complete pause,2.1,3.08,"Oh sure, let me get that for you, hold on."
self_correction_3e6c16bdfd132391,assemblyai:balanced,3.9560000896453857,17.2,17.360000610351562,complete pause,complete pause,2.42,6.04,"Yeah, the card ending in 4504."
self_correction_460a6b4f8a4fd686,assemblyai:balanced,6.664999961853027,21.46,21.459999084472656,complete pause,complete pause,6.12,6.82,"Sure thing, it's confirmation AX7528Q, like a secret spy code."
self_correction_496725a909b408b4,assemblyai:balanced,14.0649995803833,19.26,19.31999969482422,complete pause,complete pause,13.540000000000001,14.68,"Wait sorry, it was ordered July 31st and delivered August 7th, I mixed those up."
self_correction_61979500519812e9,assemblyai:balanced,7.769000053405762,11.700000000000001,11.899999618530273,mid-sentence pause,mid-sentence pause,7.4,8.24,The claim was filed on the
self_correction_77cac1ae9cc97eec,assemblyai:balanced,1.8660000562667847,14.06,14.15999984741211,complete pause,complete pause,1.44,3.92,"Okay, um, thank you."
self_correction_932283ddc2a57804,assemblyai:balanced,7.059000015258789,16.46,16.559999465942383,complete pause,complete pause,5.36,7.96,"My case number is 1756, I reported this outage on March 17th."
self_correction_ab5ab3afd8e7e435,assemblyai:balanced,5.1539998054504395,24.32,24.31999969482422,complete pause,complete pause,3.7600000000000002,5.58,"Yeah, it's F-H, dash, five-four... five-seven-three."
self_correction_b7fb5d2ab95d794d,assemblyai:balanced,3.563999891281128,26.04,26.079999923706055,mid-sentence pause,mid-sentence pause,2.82,5.46,"Whew, it is hot out here today, my cows have"
self_correction_bc298977875995d0,assemblyai:balanced,2.6649999618530273,16.12,16.219999313354492,complete pause,complete pause,2.32,3.7600000000000002,"Okay, thank you, I appreciate that."
self_correction_ca9cf55fb010c1a5,assemblyai:balanced,0.8659999966621399,6.78,6.920000076293945,complete pause,complete pause,0.56,1.72,Fine.
self_correction_cae6662cda5dd203,assemblyai:balanced,9.704999923706055,32.94,33.0,complete pause,complete pause,8.2,11.94,"Yeah it's permit EP-3610-22, job site's 3610 Barrancas Avenue in Pensacola."
self_correction_eca782cfe44af90d,assemblyai:balanced,10.265000343322754,19.5,19.68000030517578,complete pause,complete pause,9.82,10.74,"Wait, sorry, that's the confirmation code, not the flight number, let me think."
short_confirmation_1ab947b9ef24006a,assemblyai:balanced,4.946000099182129,3.5,3.5199999809265137,at turn end,at turn end,,,
short_confirmation_3a74fd7b7731fc0d,assemblyai:balanced,2.1659998893737793,1.74,1.840000033378601,at turn end,at turn end,,,
short_confirmation_3bc2a556319163f1,assemblyai:balanced,1.1649999618530273,0.78,1.0399999618530273,at turn end,at turn end,,,
short_confirmation_3fd1631ef3fc58ea,assemblyai:balanced,1.6679999828338623,1.1,1.2799999713897705,at turn end,at turn end,,,
short_confirmation_55f10ad688dc83c9,assemblyai:balanced,2.2660000324249268,1.8,1.9199999570846558,at turn end,at turn end,,,
short_confirmation_61de1f7a8dd9169b,assemblyai:balanced,4.8460001945495605,3.4,3.5999999046325684,at turn end,at turn end,,,
short_confirmation_694d9b051d58ba28,assemblyai:balanced,2.1670000553131104,1.68,1.9199999570846558,at turn end,at turn end,,,
short_confirmation_8bc57dfdc545cf57,assemblyai:balanced,6.1579999923706055,4.66,4.880000114440918,at turn end,at turn end,,,
short_confirmation_a5da3a5208745e03,assemblyai:balanced,1.2660000324249268,4.28,4.409999847412109,mid-sentence pause,mid-sentence pause,0.86,1.48,"Yeah, that's the"
short_confirmation_a8995fb87ecf0ae1,assemblyai:balanced,2.1649999618530273,1.72,2.0,at turn end,at turn end,,,
short_confirmation_b6ed8db99395206e,assemblyai:balanced,1.3650000095367432,3.98,4.28000020980835,mid-sentence pause,mid-sentence pause,0.88,3.14,"Okay, thank"
short_confirmation_d37cd36ecb2c7ebb,assemblyai:balanced,5.367000102996826,4.94,5.039999961853027,at turn end,at turn end,,,
short_confirmation_d386c2f9eea1e23a,assemblyai:balanced,1.465999960899353,1.06,1.3600000143051147,at turn end,at turn end,,,
short_confirmation_dc00050fa2fe7214,assemblyai:balanced,5.239999771118164,3.8000000000000003,3.8399999141693115,at turn end,at turn end,,,
short_confirmation_f60b370ce0253269,assemblyai:balanced,2.2679998874664307,1.86,2.0799999237060547,at turn end,at turn end,,,
short_question_0ce6a166d2abe0c5,assemblyai:balanced,1.1649999618530273,4.0,4.28000020980835,mid-sentence pause,mid-sentence pause,0.84,3.5,Why'd it go
short_question_242768038719905b,assemblyai:balanced,1.6649999618530273,1.2,1.440000057220459,at turn end,at turn end,,,
short_question_33f83f62646a012f,assemblyai:balanced,1.965999960899353,1.56,1.600000023841858,at turn end,at turn end,,,
short_question_5cb5fd0cf91b7070,assemblyai:balanced,1.6649999618530273,1.24,1.3600000143051147,at turn end,at turn end,,,
short_question_611fb8bd4a359011,assemblyai:balanced,2.4649999141693115,1.8800000000000001,1.9199999570846558,at turn end,at turn end,,,
short_question_a20bc07e1f956f44,assemblyai:balanced,1.9670000076293945,1.54,1.840000033378601,at turn end,at turn end,,,
short_question_c2680fb0bed93641,assemblyai:balanced,1.6649999618530273,3.8200000000000003,4.090000152587891,mid-sentence pause,mid-sentence pause,1.18,2.36,What's my
short_question_d7ad3f776b02a62b,assemblyai:balanced,5.833000183105469,4.3,4.400000095367432,at turn end,at turn end,,,
single_request_0cccbb6cf1787be3,assemblyai:balanced,8.404999732971191,6.78,6.960000038146973,at turn end,at turn end,,,
single_request_29d57d85169f964c,assemblyai:balanced,7.664000034332275,7.0600000000000005,7.119999885559082,at turn end,at turn end,,,
single_request_474c7d879ab5f8ad,assemblyai:balanced,6.566999912261963,6.08,6.159999847412109,at turn end,at turn end,,,
single_request_ed076f68bf5cd561,assemblyai:balanced,8.763999938964844,8.34,8.489999771118164,at turn end,at turn end,,,
spell_out_00bdcf59421d53b4,assemblyai:balanced,2.7660000324249268,11.92,11.979999542236328,complete pause,complete pause,2.4,3.64,"Thank you, I appreciate that update."
spell_out_0709e091d8f71395,assemblyai:balanced,9.371000289916992,14.56,14.699999809265137,mid-sentence pause,mid-sentence pause,8.82,9.8,And my name for the account
spell_out_0cc09c590164143c,assemblyai:balanced,8.46500015258789,16.0,16.1200008392334,complete pause,complete pause,8.08,9.42,"Okay yeah it's my claim number for the outage thing, CLM-56347-VQ, that's the one they gave me when the tech came out."
spell_out_1008abf783e671c5,assemblyai:balanced,7.065000057220459,15.9,16.079999923706055,complete pause,complete pause,6.68,8.540000000000001,"Okay good, now I need to get my last name spelled right in the system too so there's no mix up when I call back."
spell_out_10f7e8f502d93d02,assemblyai:balanced,14.539999961853027,13.040000000000001,13.260000228881836,at turn end,at turn end,,,
spell_out_1b53ce7234b63be5,assemblyai:balanced,9.366999626159668,27.060000000000002,27.239999771118164,complete pause,complete pause,8.84,12.200000000000001,"Yeah hi so my order number is ORD-8593214, I'm moving out the 8th of next month and need the meter read and final bill set up."
spell_out_30fd2d95716e6fa6,assemblyai:balanced,10.262999534606934,22.86,23.040000915527344,complete pause,complete pause,9.72,10.72,"That's the exact number, please do not round or misread any of the digits."
spell_out_598b769224634912,assemblyai:balanced,14.223999977111816,12.700000000000001,12.920000076293945,at turn end,at turn end,,,
spell_out_5c03a17abcb46dd7,assemblyai:balanced,2.865999937057495,13.26,13.4399995803833,complete pause,complete pause,2.38,5.44,This is my third call about this.
spell_out_b0318c57a03f1d79,assemblyai:balanced,2.265000104904175,14.120000000000001,14.119999885559082,complete pause,complete pause,1.78,3.94,"Oh sure, let me think here."
spell_out_b868a11b8bc519eb,assemblyai:balanced,4.3470001220703125,17.14,17.31999969482422,complete pause,complete pause,2.96,6.28,My account number ends in one-four-four-eight.
spell_out_e4b42eadde069f22,assemblyai:balanced,0.7670000195503235,12.16,12.319999694824219,complete pause,complete pause,0.38,3.72,Good.
trailing_entity_119922b241e7072a,assemblyai:balanced,7.76800012588501,15.72,15.800000190734863,mid-sentence pause,mid-sentence pause,7.28,7.88,"My crew just got called out to a job site that whole week, so that date's"
trailing_entity_1507736bc809312c,assemblyai:balanced,3.6670000553131104,20.44,20.440000534057617,complete pause,complete pause,3.1,6.5,"I need to exchange a jacket, wrong size."
trailing_entity_1b9c03bcc52b9a49,assemblyai:balanced,2.1640000343322754,14.22,14.239999771118164,complete pause,complete pause,1.72,4.92,It's my Premier Checking account.
trailing_entity_1bf1a0a48e0f31be,assemblyai:balanced,1.6640000343322754,13.34,13.4399995803833,complete pause,complete pause,1.12,3.7,"Yes, I have that here."
trailing_entity_2340401d28ccb160,assemblyai:balanced,1.371999979019165,27.66,27.920000076293945,within-chunk pause,within-chunk pause,0.9,1.58,
trailing_entity_255a616bd73d2d21,assemblyai:balanced,3.4709999561309814,16.9,17.0,complete pause,complete pause,3.04,4.18,"Certainly, I can provide both pieces of information."
trailing_entity_27d3aac324283930,assemblyai:balanced,6.263999938964844,25.54,25.639999389648438,complete pause,complete pause,5.5200000000000005,8.66,"Whew, it is sticky out there today, real thick air, my cows have been ornery about going out in it."
trailing_entity_324c5bd25a82465a,assemblyai:balanced,1.1660000085830688,16.18,16.360000610351562,complete pause,complete pause,0.86,3.18,"Alright, good."
trailing_entity_39100397932de390,assemblyai:balanced,1.565999984741211,14.1,14.199999809265137,complete pause,complete pause,1.12,3.14,Okay good.
trailing_entity_3c46cddcc7e5c853,assemblyai:balanced,5.364999771118164,26.32,26.440000534057617,complete pause,complete pause,4.72,8.42,"Oh boy, it is sticky out here today, that Gulfport humidity just sits on you like a wet towel."
trailing_entity_3e920a01cb91f82c,assemblyai:balanced,3.364000082015991,25.68,25.920000076293945,complete pause,complete pause,3.02,6.28,"Oh, thank you so much, I really appreciate that."
trailing_entity_41ad6cb712da543a,assemblyai:balanced,4.267000198364258,16.240000000000002,16.440000534057617,complete pause,complete pause,2.7800000000000002,4.58,Flight's AA6545.
trailing_entity_527c37a869c32e86,assemblyai:balanced,4.3429999351501465,14.0,14.279999732971191,complete pause,complete pause,2.92,4.66,Confirmation code is JT9666P.
trailing_entity_54421f888412646a,assemblyai:balanced,3.265000104904175,19.88,20.079999923706055,complete pause,complete pause,2.7800000000000002,5.16,"Hold on, my grandson's got that TV up too loud."
trailing_entity_546d9f682ed5b742,assemblyai:balanced,6.866000175476074,22.78,22.920000076293945,complete pause,complete pause,6.34,9.08,Okay good but I still need somebody to look into why my internet keeps dropping every single night right around milking time.
trailing_entity_596c033b24dcec98,assemblyai:balanced,2.9649999141693115,18.28,18.31999969482422,mid-sentence pause,mid-sentence pause,2.48,4.76,I need a replacement power adapter
trailing_entity_5a85f64e0feb954b,assemblyai:balanced,6.263999938964844,11.02,11.15999984741211,complete pause,complete pause,5.74,6.6000000000000005,right now.
trailing_entity_71c8ffdd3843cc0d,assemblyai:balanced,4.965000152587891,8.78,9.079999923706055,complete pause,complete pause,4.48,5.5600000000000005,"I don't have my PIN memorized, but I can give you the account ending digits instead."
trailing_entity_7b7df52de6bac072,assemblyai:balanced,2.2660000324249268,15.9,16.1200008392334,complete pause,complete pause,1.72,4.82,"Oh, of course, dear, let me think a moment."
trailing_entity_8152cee6b7f38813,assemblyai:balanced,2.563999891281128,10.5,10.720000267028809,complete pause,complete pause,2.12,4.82,"Yeah, it's about a charge on my bill."
trailing_entity_892cb2dc5e988a99,assemblyai:balanced,2.9649999141693115,20.92,20.920000076293945,complete pause,complete pause,2.54,4.42,"Oh, well thank you for looking into that for me."
trailing_entity_940cb650be622303,assemblyai:balanced,2.368000030517578,18.04,18.1200008392334,complete pause,complete pause,2.02,4.48,"Okay, um, thank you so much."
trailing_entity_94b107c81ff29493,assemblyai:balanced,1.3680000305175781,19.98,20.1200008392334,complete pause,complete pause,1.06,3.72,Good afternoon.
trailing_entity_a9ef2ffe10d56208,assemblyai:balanced,5.066999912261963,24.46,24.6200008392334,complete pause,complete pause,4.7,6.18,"I appreciate that, but I still need this overage charge corrected on my account."
trailing_entity_b03586eb0f9cb00d,assemblyai:balanced,5.964000225067139,22.8,22.959999084472656,mid-sentence pause,mid-sentence pause,5.5,7.0,"Well, my first flight's running late, so my layover in Cleveland is looking tighter than my work boots"
trailing_entity_b6910e71d333cd96,assemblyai:balanced,2.4660000801086426,15.120000000000001,15.199999809265137,complete pause,complete pause,1.9000000000000001,4.4,"Oh, okay, yeah, I have that right here."
trailing_entity_b7c423d5ec105680,assemblyai:balanced,3.3420000076293945,14.280000000000001,14.279999732971191,complete pause,complete pause,1.86,4.36,It's a Dell Inspiron 15.
trailing_entity_c0a3e69fe2aaae7d,assemblyai:balanced,5.668000221252441,15.38,15.390000343322754,complete pause,complete pause,5.12,6.1000000000000005,"Yes, thank you, I would like to... how do you say... reschedule my appointment with Dr. Osei."
trailing_entity_d1be0268d12f698b,assemblyai:balanced,11.406000137329102,9.88,10.020000457763672,at turn end,at turn end,,,
trailing_entity_ec33b16ae036e7c0,assemblyai:balanced,4.36299991607666,18.96,19.040000915527344,mid-sentence pause,mid-sentence pause,3.92,5.5600000000000005,"Look, I need this refund processed right now, my order came missing"
trailing_entity_f3e4d6e0deab25f1,assemblyai:balanced,2.9700000286102295,9.72,9.800000190734863,complete pause,complete pause,2.54,3.66,I already gave you my account info online.
trailing_entity_f69d9c6c4e3cecab,assemblyai:balanced,2.4649999141693115,21.88,21.959999084472656,complete pause,complete pause,2.06,4.1,"Oh, thank you for looking into that."
trails_off_06745c53e5361286,assemblyai:balanced,1.2669999599456787,21.68,21.709999084472656,during speech,within-chunk pause,0.98,1.22,
trails_off_09ff46fc461766f1,assemblyai:balanced,3.6649999618530273,21.42,21.420000076293945,complete pause,complete pause,3.06,4.16,"Alright, thanks for confirming, appreciate that, boss."
trails_off_0a79f4abc1f2f7d5,assemblyai:balanced,3.364000082015991,12.36,12.640000343322754,complete pause,complete pause,2.98,6.46,I need to pay my overdue water and energy bill.
trails_off_1125f1f1f88cda73,assemblyai:balanced,4.763000011444092,20.46,20.479999542236328,complete pause,complete pause,4.18,7.5600000000000005,"Thank you, but I would like to confirm the exact amount one more time, please."
trails_off_147bc005838fa2c4,assemblyai:balanced,1.6660000085830688,20.240000000000002,20.440000534057617,complete pause,complete pause,1.2,2.06,"Okay, thank you."
trails_off_19f9fbeef321aab3,assemblyai:balanced,1.3639999628067017,15.780000000000001,15.920000076293945,complete pause,complete pause,1.04,2.7600000000000002,"Okay, good, thanks."
trails_off_1b458742bc038091,assemblyai:balanced,2.569999933242798,13.32,13.420000076293945,mid-sentence pause,mid-sentence pause,2.2600000000000002,3.52,"Okay, um, the charge was on"
trails_off_1d5a1152a4791fd0,assemblyai:balanced,9.666999816894531,13.6,13.619999885559082,within-chunk pause,within-chunk pause,9.200000000000001,10.24,
trails_off_1d6d7c49b5eb1197,assemblyai:balanced,5.181000232696533,10.200000000000001,10.239999771118164,complete pause,complete pause,3.58,5.5600000000000005,"Hey, so my patient ID is 9217A."
trails_off_200d7db279bd0d8f,assemblyai:balanced,2.9649999141693115,14.1,14.220000267028809,complete pause,complete pause,2.54,3.72,"Oh, um, sure, sorry, let me find it."
trails_off_290744e1b1ba88c8,assemblyai:balanced,3.4639999866485596,23.16,23.15999984741211,complete pause,complete pause,3.0,4.96,"Good day, this is Nabil Osseiran calling."
trails_off_2f02c322131e5dba,assemblyai:balanced,4.354000091552734,14.08,14.15999984741211,complete pause,complete pause,2.82,6.36,"Sure, it's T4X9570."
trails_off_72d0a1088d6f9467,assemblyai:balanced,8.666000366210938,12.9,13.079999923706055,within-chunk pause,within-chunk pause,8.28,8.700000000000001,
trails_off_8339fa09bf8a2261,assemblyai:balanced,2.1640000343322754,16.66,16.719999313354492,complete pause,complete pause,1.7,3.22,"Oh, thank you very much."
trails_off_87a7f55f711fbc9d,assemblyai:balanced,2.365000009536743,22.84,22.920000076293945,complete pause,complete pause,1.8800000000000001,5.4,"Oh boy, okay, let me think."
trails_off_b28bd6cf79d8c5cd,assemblyai:balanced,5.863999843597412,7.58,7.619999885559082,within-chunk pause,within-chunk pause,5.34,6.2,
trails_off_b6780c31a7b336c9,assemblyai:balanced,4.868000030517578,18.240000000000002,18.31999969482422,complete pause,complete pause,4.08,7.94,"It's HI-3791037, that's my renewal order number."
trails_off_ba0c1dc1c830e416,assemblyai:balanced,5.4670000076293945,22.78,22.84000015258789,complete pause,complete pause,4.98,6.72,"Oh, well, let me tell you about Biscuit first, he's a standard poodle I did up this morning, sweetest thing."
trails_off_c1106b9078452214,assemblyai:balanced,2.563999891281128,20.36,20.399999618530273,complete pause,complete pause,2.06,3.48,"Well, howdy there, thanks for pickin' up."
trails_off_c8408bfd7e5265ca,assemblyai:balanced,3.368000030517578,12.92,12.920000076293945,mid-sentence pause,mid-sentence pause,2.94,5.0200000000000005,I want to exchange my espresso tamper for
trails_off_c8e23811aee9ad67,assemblyai:balanced,6.164999961853027,17.080000000000002,17.1200008392334,complete pause,complete pause,5.64,7.2,"Hi, yes, I got a notice saying my water meter reading wasn't submitted this quarter, and I'm worried about a penalty."
trails_off_cb581f3f0c229bd5,assemblyai:balanced,3.871999979019165,21.86,22.0,complete pause,complete pause,3.18,4.84,"Well, aside from cracking a few electrical puns, I've got a couple of things."
trails_off_d3161f2c66b66ff1,assemblyai:balanced,2.4660000801086426,23.78,23.920000076293945,complete pause,complete pause,2.1,4.78,"Oh, music to my ears, thank you so much!"
trails_off_ea9cc3f51ed4d510,assemblyai:balanced,1.7630000114440918,19.44,19.559999465942383,complete pause,complete pause,1.3,3.46,"Okay great, thank you."
trails_off_f25b57aa5f000bca,assemblyai:balanced,1.465000033378601,15.32,15.399999618530273,mid-sentence pause,mid-sentence pause,1.0,2.06,That's still
trails_off_f989343973a49594,assemblyai:balanced,8.164999961853027,9.86,10.180000305175781,within-chunk pause,within-chunk pause,7.76,8.700000000000001,
afterthought_09f9b16c52b7bac5,assemblyai:balanced-control,7.665999889373779,23.580000000000002,23.68000030517578,complete pause,complete pause,7.0200000000000005,10.4,Hi yeah I need to exchange a wrist brace order GX-19356 medium for a small it's just too loose to type in all day.
afterthought_2bb910fb1ac10a7e,assemblyai:balanced-control,4.76800012588501,16.14,16.280000686645508,complete pause,complete pause,4.32,5.44,"Sure thing, it's K, six-five-five-five, A-F, my almost-lucky number, ha!"
afterthought_2d855f8c93058c25,assemblyai:balanced-control,1.7649999856948853,14.52,14.619999885559082,mid-sentence pause,mid-sentence pause,1.36,2.5,"Hi, I need to"
afterthought_599805fdb153c3cd,assemblyai:balanced-control,6.0,20.68,20.84000015258789,mid-sentence pause,mid-sentence pause,4.54,6.18,"I would like to dispute the overage charge on account number nine six seven two,"
afterthought_6221323053b26399,assemblyai:balanced-control,7.9670000076293945,18.68,18.739999771118164,complete pause,complete pause,7.5,8.38,"Yes, fine, it's 4598, and the charge was $445.98, hit twice on the same date."
afterthought_71fb343cb048d398,assemblyai:balanced-control,5.264999866485596,31.580000000000002,31.719999313354492,mid-sentence pause,mid-sentence pause,4.8,8.28,"Good afternoon, this is regarding my appointment with Dr. Halvorsen scheduled for next"
afterthought_9d58a6ceed4629f4,assemblyai:balanced-control,9.765000343322754,15.58,15.699999809265137,within-chunk pause,within-chunk pause,9.34,9.86,
afterthought_9e713c4cd936d7cb,assemblyai:balanced-control,7.263999938964844,19.36,19.520000457763672,complete pause,complete pause,5.78,7.98,"Oh, sure, it's order number 8662, um, 4471."
afterthought_bbde89918ab3eaa1,assemblyai:balanced-control,7.635000228881836,18.38,18.559999465942383,complete pause,complete pause,6.2,8.84,My license number ends in 1042 and I need to move my October 4th appointment at the Ogden DMV.
afterthought_c2566d70674e1728,assemblyai:balanced-control,7.370999813079834,20.240000000000002,20.239999771118164,complete pause,complete pause,6.86,9.42,"Well, I traded in my old sedan, dear, and I need to add the new car to my policy before the renewal goes through."
afterthought_c6b6c8cf44dae87f,assemblyai:balanced-control,6.7220001220703125,18.12,18.1200008392334,complete pause,complete pause,6.18,7.0,"Okay, it's mateo.jaramillo8497@gmail.com, did you get that okay?"
afterthought_c8d402ab2501e19a,assemblyai:balanced-control,12.87600040435791,12.22,12.279999732971191,at turn end,at turn end,,,
afterthought_d0a8dd7d49e6b3a7,assemblyai:balanced-control,23.270000457763672,22.44,22.59000015258789,at turn end,at turn end,,,
afterthought_d163f6ad6c39e54b,assemblyai:balanced-control,8.871000289916992,16.580000000000002,16.719999313354492,complete pause,complete pause,7.32,9.26,"My name's Ren Nakashima, address is 1754 Bay Court, Dover, Delaware, 19904."
afterthought_d4bd3ea37ca0f56e,assemblyai:balanced-control,3.365999937057495,15.98,16.030000686645508,complete pause,complete pause,3.08,3.88,"It's N-A-S-S-O-U-R, Nassour."
afterthought_db18402e6dc04014,assemblyai:balanced-control,5.764999866485596,18.0,18.15999984741211,complete pause,complete pause,5.16,6.98,"Yes, I would like to renew my commercial driver's licence endorsement, please, before it expires next month."
afterthought_e26c582e7ccad464,assemblyai:balanced-control,6.89300012588501,5.4,5.519999980926514,at turn end,at turn end,,,
afterthought_e4c993ec4c35fa3f,assemblyai:balanced-control,11.265999794006348,10.58,10.65999984741211,at turn end,at turn end,,,
backchannel_03d7c65439adc9f3,assemblyai:balanced-control,1.8660000562667847,22.02,22.15999984741211,complete pause,complete pause,1.28,5.1000000000000005,"Alright, hold on."
backchannel_313ce8afc6c51a5d,assemblyai:balanced-control,1.965000033378601,24.080000000000002,24.15999984741211,complete pause,complete pause,1.54,5.76,"Well, howdy there."
backchannel_32242efca4b420c8,assemblyai:balanced-control,1.8480000495910645,15.48,15.640000343322754,complete pause,complete pause,1.44,4.6000000000000005,"Okay, hold on a second."
backchannel_514e1eb5e85d43b3,assemblyai:balanced-control,2.069000005722046,12.6,12.720000267028809,complete pause,complete pause,1.58,2.52,"Um, let me think."
backchannel_68ec52fb3f0fba9e,assemblyai:balanced-control,2.068000078201294,14.3,14.479999542236328,complete pause,complete pause,1.54,3.2,"Yes, thank you for asking."
backchannel_80ac020cdce208d6,assemblyai:balanced-control,2.4679999351501465,20.36,20.479999542236328,complete pause,complete pause,1.94,5.2,"Yes, hold on a second."
backchannel_83855b7e46498723,assemblyai:balanced-control,2.265000104904175,14.22,14.399999618530273,complete pause,complete pause,1.84,4.0200000000000005,"Yes, one moment please."
backchannel_8779da1120ab5a49,assemblyai:balanced-control,1.965000033378601,10.620000000000001,10.800000190734863,complete pause,complete pause,1.56,3.18,"Um, let me think."
backchannel_9d606119130a61ca,assemblyai:balanced-control,1.465000033378601,11.72,11.760000228881836,complete pause,complete pause,0.9400000000000001,4.66,Hold on a second.
backchannel_a530853bee87e63d,assemblyai:balanced-control,1.3700000047683716,8.1,8.239999771118164,complete pause,complete pause,0.9,2.94,Hold on.
backchannel_b803eb10e079d109,assemblyai:balanced-control,1.7660000324249268,13.16,13.279999732971191,complete pause,complete pause,1.1,4.48,"Um, let me think."
digit_groups_2aea06808947db5b,assemblyai:balanced-control,4.665999889373779,6.38,6.420000076293945,mid-sentence pause,mid-sentence pause,4.2,5.0,Charge was
digit_groups_718268039e945b93,assemblyai:balanced-control,4.36899995803833,10.38,10.510000228881836,complete pause,complete pause,3.92,4.72,"Not now, sweetie."
digit_groups_7e515da4242f9361,assemblyai:balanced-control,5.763999938964844,22.18,22.399999618530273,complete pause,complete pause,5.3,6.42,"oh well, i'm doing alright, knees are giving me some trouble with this cold snap coming in."
digit_groups_89722df7e6fed501,assemblyai:balanced-control,2.065999984741211,18.64,18.68000030517578,mid-sentence pause,mid-sentence pause,1.6600000000000001,5.32,"Um, sorry, yes,"
digit_groups_8d0eb0aab9e7add1,assemblyai:balanced-control,2.6670000553131104,10.82,10.90999984741211,complete pause,complete pause,2.2600000000000002,3.34,"Oh sure, let me find that for you."
digit_groups_929f4ff301514508,assemblyai:balanced-control,1.8650000095367432,15.44,15.680000305175781,mid-sentence pause,mid-sentence pause,1.32,3.56,"Oh, yes, let"
digit_groups_cf24c307b9c7b6bd,assemblyai:balanced-control,1.3650000095367432,7.86,8.15999984741211,complete pause,complete pause,0.9400000000000001,3.64,Order number.
digit_groups_d36e63d6d403e31d,assemblyai:balanced-control,6.869999885559082,18.3,18.559999465942383,complete pause,complete pause,6.3,6.96,"Hey there, this is Stanislaw Skrzypczak, S-K-R-Z-Y-P-C-Z-A-K, yep it's a mouthful!"
digit_groups_fe4a6bd28c7c4071,assemblyai:balanced-control,3.635999917984009,12.98,13.239999771118164,complete pause,complete pause,2.16,4.44,"Yes, my phone number is 585."
elaboration_0a476bac5400396d,assemblyai:balanced-control,2.066999912261963,14.42,14.520000457763672,complete pause,complete pause,1.5,4.34,Don't know the exact date.
elaboration_0f65b567fde8614f,assemblyai:balanced-control,4.864999771118164,11.68,11.779999732971191,complete pause,complete pause,4.22,5.62,I would like to schedule an appointment to renew my commercial driver's licence endorsement.
elaboration_144b35a523a2a778,assemblyai:balanced-control,2.066999912261963,14.780000000000001,14.960000038146973,complete pause,complete pause,1.48,4.48,"Okay, um, thank you."
elaboration_166aa01f1e489e6c,assemblyai:balanced-control,9.364999771118164,12.82,12.979999542236328,complete pause,complete pause,8.8,9.700000000000001,Placed three days ago with guaranteed two-day express shipping.
elaboration_47ee6422cff2a5af,assemblyai:balanced-control,5.960999965667725,21.2,21.559999465942383,complete pause,complete pause,4.28,7.0600000000000005,"Oh sure, my card is on file there, the last four digits are four three three two."
elaboration_4da8628cc0e7e8b0,assemblyai:balanced-control,15.765000343322754,18.62,18.719999313354492,complete pause,complete pause,15.200000000000001,15.84,"overage charge on my bill, it's not right."
elaboration_5309c5360b995862,assemblyai:balanced-control,4.841000080108643,14.48,14.640000343322754,complete pause,complete pause,3.44,6.08,It's CL-96201738.
elaboration_5f178f2f7e08a5e6,assemblyai:balanced-control,3.6670000553131104,18.3,18.399999618530273,complete pause,complete pause,3.36,6.3,"Hi, I need to file a shipping damage claim, please."
elaboration_61257cb6fcf957fe,assemblyai:balanced-control,18.465999603271484,17.98,18.059999465942383,at turn end,at turn end,,,
elaboration_8025215d7dcb0682,assemblyai:balanced-control,7.934999942779541,19.3,19.360000610351562,complete pause,complete pause,6.34,8.9,"Yes, of course, the confirmation code is D-X-1-4-6-8-R-2."
elaboration_a4a94e60a893d1c2,assemblyai:balanced-control,4.921999931335449,9.620000000000001,9.800000190734863,complete pause,complete pause,3.36,6.96,Address is 1796 Vine Street.
elaboration_d0758023c5b497bc,assemblyai:balanced-control,11.864999771118164,11.4,11.479999542236328,at turn end,at turn end,,,
elaboration_e796e7bf9b8de8c3,assemblyai:balanced-control,5.699999809265137,17.400000000000002,17.5,mid-sentence pause,mid-sentence pause,5.24,6.640000000000001,"Yes, I want to report the... how you say... the meter"
elaboration_e937d8e707d941c2,assemblyai:balanced-control,2.9630000591278076,9.72,9.720000267028809,complete pause,complete pause,2.48,5.0,"Well, I'd like to add my grandson to the policy."
elaboration_f93c6d67e54688e1,assemblyai:balanced-control,10.767000198364258,17.400000000000002,17.479999542236328,complete pause,complete pause,10.26,11.200000000000001,I'd like to dispute a data overage charge of thirty seven dollars and thirty six cents on my latest bill.
multi_request_02838a4f1cd8efe9,assemblyai:balanced-control,5.879000186920166,16.8,17.15999984741211,complete pause,complete pause,4.48,6.28,Order number's ORD-82160-F.
multi_request_07765074176fda31,assemblyai:balanced-control,4.507999897003174,18.68,18.719999313354492,complete pause,complete pause,2.96,6.58,"Yes, my card ending is one seven six nine."
multi_request_07e8fcfd8b3b5da9,assemblyai:balanced-control,6.492000102996826,23.740000000000002,23.84000015258789,complete pause,complete pause,5.04,8.26,"It's R7K1503X, R7K, one five zero three X."
multi_request_10358ab811a07023,assemblyai:balanced-control,3.9570000171661377,14.1,14.239999771118164,complete pause,complete pause,2.44,5.62,It's 8T582FQ2.
multi_request_26a164326dd4e4e9,assemblyai:balanced-control,6.888999938964844,19.36,19.440000534057617,complete pause,complete pause,5.4,8.46,My order number is OD-0137-5589.
multi_request_3486220e1cf6f0e6,assemblyai:balanced-control,15.869999885559082,15.34,15.399999618530273,at turn end,at turn end,,,
multi_request_358e94ca2777a819,assemblyai:balanced-control,7.478000164031982,13.5,13.710000038146973,complete pause,complete pause,6.88,7.8,I need to know why tracking hasn't moved in eleven days.
multi_request_38609458afd4348f,assemblyai:balanced-control,20.75,19.96,20.1200008392334,at turn end,at turn end,,,
multi_request_4300fd8617038c4d,assemblyai:balanced-control,8.571000099182129,20.54,20.639999389648438,complete pause,complete pause,7.0600000000000005,9.56,"Account's 2920-4471, appointment's the 14th at 2:20 with Kapoor."
multi_request_4440340207cd92a4,assemblyai:balanced-control,6.072000026702881,21.62,21.799999237060547,complete pause,complete pause,5.5600000000000005,7.38,Okay yeah so my bill this month is eighteen hundred dollars and fourteen cents which is insane.
multi_request_514ecabaf8752671,assemblyai:balanced-control,5.065000057220459,24.22,24.239999771118164,complete pause,complete pause,4.72,8.2,"Yeah it's W5318K2, that's the order confirmation code."
multi_request_5477fc457b1b2123,assemblyai:balanced-control,6.072000026702881,27.12,27.280000686645508,complete pause,complete pause,5.54,9.34,I would like to formally dispute a data overage charge of sixty two dollars and twenty nine cents on my latest bill.
multi_request_56a038ebf6f85567,assemblyai:balanced-control,5.395999908447266,21.52,21.559999465942383,complete pause,complete pause,3.92,6.46,"Oh, thank you, my date of birth is March 5, 1946."
multi_request_5b39ad6fed5155e5,assemblyai:balanced-control,13.368000030517578,12.84,12.920000076293945,at turn end,at turn end,,,
multi_request_761de59d6e9a0594,assemblyai:balanced-control,1.065000057220459,10.66,10.779999732971191,complete pause,complete pause,0.64,1.54,Okay.
multi_request_7a10de7696caa068,assemblyai:balanced-control,4.539999961853027,13.24,13.5600004196167,complete pause,complete pause,3.06,4.92,Order number ends in 0432.
multi_request_7c87bfb11549fbf3,assemblyai:balanced-control,14.767000198364258,14.08,14.199999809265137,at turn end,at turn end,,,
multi_request_9d247b220d911f2a,assemblyai:balanced-control,10.46500015258789,15.76,15.800000190734863,complete pause,complete pause,10.0,11.040000000000001,I want to know why my renewal premium went up so much this year.
multi_request_b99609221e61f9c3,assemblyai:balanced-control,8.067000389099121,11.78,11.9399995803833,complete pause,complete pause,7.6000000000000005,8.1,I also need to change my flight because my shift got moved.
multi_request_c802585d8a446d1e,assemblyai:balanced-control,5.086999893188477,13.9,14.039999961853027,during speech,complete pause,3.56,4.98,"Yes, my patient ID is 2159."
multi_request_d149aeeda201f23c,assemblyai:balanced-control,18.17099952697754,17.72,17.719999313354492,at turn end,at turn end,,,
multi_request_f207e51d665fab54,assemblyai:balanced-control,4.965000152587891,20.68,20.719999313354492,complete pause,complete pause,4.42,7.8,"Good day, I am calling regarding my upcoming follow-up appointment with Dr. Simmons."
partial_entity_1fda22fff766378f,assemblyai:balanced-control,2.7660000324249268,14.16,14.15999984741211,complete pause,complete pause,2.22,3.72,This is the third time I'm calling about this.
partial_entity_f530d099d8e9ea00,assemblyai:balanced-control,4.4670000076293945,14.86,15.0,complete pause,complete pause,3.7800000000000002,6.3,"Sure thing, it's a burst pipe emergency, not my phone skills, though those are questionable too."
question_then_context_51c348f4cb94efc7,assemblyai:balanced-control,2.6670000553131104,7.140000000000001,7.239999771118164,complete pause,complete pause,2.24,4.76,Can you exchange it instead of a refund.
question_then_context_85ac766f0f99609f,assemblyai:balanced-control,1.2649999856948853,10.8,10.84000015258789,during speech,within-chunk pause,0.96,1.26,
question_then_context_8d33550d5c759a31,assemblyai:balanced-control,19.777000427246094,19.14,19.219999313354492,at turn end,at turn end,,,
question_then_context_d5cf226545b4656f,assemblyai:balanced-control,6.763999938964844,9.98,10.09000015258789,within-chunk pause,within-chunk pause,6.24,6.9,
repair_5ff2b83bdb6194ff,assemblyai:balanced-control,1.065999984741211,7.46,7.599999904632568,within-chunk pause,within-chunk pause,0.74,1.28,
repair_673caabda7753d94,assemblyai:balanced-control,2.5789999961853027,16.0,16.040000915527344,during speech,within-chunk pause,2.18,2.54,
repair_68c04a8b21eec19f,assemblyai:balanced-control,6.76800012588501,16.78,17.0,complete pause,complete pause,6.34,9.72,Yeah so I want to dispute the charge from - actually can you just pull up my account with the reference code first?
repair_8f454b666fd505d7,assemblyai:balanced-control,4.269000053405762,9.1,9.239999771118164,complete pause,complete pause,3.7800000000000002,6.5,"Card ending in 96 - hang on, KAYLEE quiet down!"
repair_a7087e42bc27f7a7,assemblyai:balanced-control,6.964000225067139,9.76,9.770000457763672,complete pause,complete pause,6.5,7.04,"My address is 6714 Merrimack Street, Apart- actually, let me give you my licence number first."
repair_b3fb44b0b6df8ca3,assemblyai:balanced-control,11.418999671936035,9.84,9.84000015258789,at turn end,at turn end,,,
repair_b80e8fb370625286,assemblyai:balanced-control,2.065999984741211,6.12,6.159999847412109,within-chunk pause,within-chunk pause,1.6,2.22,
repair_e32aa295aaee9673,assemblyai:balanced-control,2.743000030517578,15.72,15.920000076293945,mid-sentence pause,mid-sentence pause,1.12,4.0600000000000005,"Uh, yeah, it's"
repair_f8b304971011cb12,assemblyai:balanced-control,11.868000030517578,11.18,11.380000114440918,at turn end,at turn end,,,
self_correction_34e0e5331a9e2991,assemblyai:balanced-control,2.565999984741211,18.78,19.040000915527344,complete pause,complete pause,2.1,3.08,"Oh sure, let me get that for you, hold on."
self_correction_3e6c16bdfd132391,assemblyai:balanced-control,3.9630000591278076,17.2,17.360000610351562,complete pause,complete pause,2.42,6.04,"Yeah, the card ending in 4504."
self_correction_460a6b4f8a4fd686,assemblyai:balanced-control,6.564000129699707,21.46,21.459999084472656,complete pause,complete pause,6.12,6.82,"Sure thing, it's confirmation AX7528Q, like a secret spy code."
self_correction_496725a909b408b4,assemblyai:balanced-control,14.166000366210938,19.26,19.31999969482422,complete pause,complete pause,13.540000000000001,14.68,"Wait sorry, it was ordered July 31st and delivered August 7th, I mixed those up."
self_correction_61979500519812e9,assemblyai:balanced-control,7.764999866485596,11.700000000000001,11.899999618530273,mid-sentence pause,mid-sentence pause,7.4,8.24,The claim was filed on the
self_correction_77cac1ae9cc97eec,assemblyai:balanced-control,1.9639999866485596,14.06,14.15999984741211,complete pause,complete pause,1.44,3.92,"Okay, um, thank you."
self_correction_932283ddc2a57804,assemblyai:balanced-control,7.0370001792907715,16.46,16.559999465942383,complete pause,complete pause,5.36,7.96,"My case number is 1756, I reported this outage on March 17th."
self_correction_ab5ab3afd8e7e435,assemblyai:balanced-control,5.23799991607666,24.32,24.31999969482422,complete pause,complete pause,3.7600000000000002,5.58,"Yeah, it's F-H, dash, five-four... five-seven-three."
self_correction_b7fb5d2ab95d794d,assemblyai:balanced-control,3.4649999141693115,26.04,26.079999923706055,mid-sentence pause,mid-sentence pause,2.82,5.46,"Whew, it is hot out here today, my cows have"
self_correction_bc298977875995d0,assemblyai:balanced-control,2.6640000343322754,16.12,16.219999313354492,complete pause,complete pause,2.32,3.7600000000000002,"Okay, thank you, I appreciate that."
self_correction_ca9cf55fb010c1a5,assemblyai:balanced-control,0.8669999837875366,6.78,6.920000076293945,complete pause,complete pause,0.56,1.72,Fine.
self_correction_cae6662cda5dd203,assemblyai:balanced-control,9.692999839782715,32.94,33.0,complete pause,complete pause,8.2,11.94,"Yeah it's permit EP-3610-22, job site's 3610 Barrancas Avenue in Pensacola."
self_correction_eca782cfe44af90d,assemblyai:balanced-control,10.364999771118164,19.5,19.68000030517578,complete pause,complete pause,9.82,10.74,"Wait, sorry, that's the confirmation code, not the flight number, let me think."
short_confirmation_1ab947b9ef24006a,assemblyai:balanced-control,4.938000202178955,3.5,3.5199999809265137,at turn end,at turn end,,,
short_confirmation_3a74fd7b7731fc0d,assemblyai:balanced-control,2.1670000553131104,1.74,1.840000033378601,at turn end,at turn end,,,
short_confirmation_3bc2a556319163f1,assemblyai:balanced-control,1.1649999618530273,0.78,1.0399999618530273,at turn end,at turn end,,,
short_confirmation_3fd1631ef3fc58ea,assemblyai:balanced-control,1.6649999618530273,1.1,1.2799999713897705,at turn end,at turn end,,,
short_confirmation_55f10ad688dc83c9,assemblyai:balanced-control,2.365999937057495,1.8,1.9199999570846558,at turn end,at turn end,,,
short_confirmation_61de1f7a8dd9169b,assemblyai:balanced-control,4.9120001792907715,3.4,3.5999999046325684,at turn end,at turn end,,,
short_confirmation_694d9b051d58ba28,assemblyai:balanced-control,2.1659998893737793,1.68,1.9199999570846558,at turn end,at turn end,,,
short_confirmation_8bc57dfdc545cf57,assemblyai:balanced-control,6.189000129699707,4.66,4.880000114440918,at turn end,at turn end,,,
short_confirmation_a5da3a5208745e03,assemblyai:balanced-control,1.2660000324249268,4.28,4.409999847412109,mid-sentence pause,mid-sentence pause,0.86,1.48,"Yeah, that's the"
short_confirmation_a8995fb87ecf0ae1,assemblyai:balanced-control,2.2699999809265137,1.72,2.0,at turn end,at turn end,,,
short_confirmation_b6ed8db99395206e,assemblyai:balanced-control,1.3839999437332153,3.98,4.28000020980835,mid-sentence pause,mid-sentence pause,0.88,3.14,"Okay, thank"
short_confirmation_d37cd36ecb2c7ebb,assemblyai:balanced-control,5.366000175476074,4.94,5.039999961853027,at turn end,at turn end,,,
short_confirmation_d386c2f9eea1e23a,assemblyai:balanced-control,1.465000033378601,1.06,1.3600000143051147,at turn end,at turn end,,,
short_confirmation_dc00050fa2fe7214,assemblyai:balanced-control,5.245999813079834,3.8000000000000003,3.8399999141693115,at turn end,at turn end,,,
short_confirmation_f60b370ce0253269,assemblyai:balanced-control,2.263000011444092,1.86,2.0799999237060547,at turn end,at turn end,,,
short_question_0ce6a166d2abe0c5,assemblyai:balanced-control,1.1660000085830688,4.0,4.28000020980835,mid-sentence pause,mid-sentence pause,0.84,3.5,Why'd it go
short_question_242768038719905b,assemblyai:balanced-control,1.6660000085830688,1.2,1.440000057220459,at turn end,at turn end,,,
short_question_33f83f62646a012f,assemblyai:balanced-control,1.968999981880188,1.56,1.600000023841858,at turn end,at turn end,,,
short_question_5cb5fd0cf91b7070,assemblyai:balanced-control,1.7669999599456787,1.24,1.3600000143051147,at turn end,at turn end,,,
short_question_611fb8bd4a359011,assemblyai:balanced-control,2.4660000801086426,1.8800000000000001,1.9199999570846558,at turn end,at turn end,,,
short_question_a20bc07e1f956f44,assemblyai:balanced-control,1.9670000076293945,1.54,1.840000033378601,at turn end,at turn end,,,
short_question_c2680fb0bed93641,assemblyai:balanced-control,1.6670000553131104,3.8200000000000003,4.090000152587891,mid-sentence pause,mid-sentence pause,1.18,2.36,What's my
short_question_d7ad3f776b02a62b,assemblyai:balanced-control,5.839000225067139,4.3,4.400000095367432,at turn end,at turn end,,,
single_request_0cccbb6cf1787be3,assemblyai:balanced-control,8.520999908447266,6.78,6.960000038146973,at turn end,at turn end,,,
single_request_29d57d85169f964c,assemblyai:balanced-control,7.664999961853027,7.0600000000000005,7.119999885559082,at turn end,at turn end,,,
single_request_474c7d879ab5f8ad,assemblyai:balanced-control,6.771999835968018,6.08,6.159999847412109,at turn end,at turn end,,,
single_request_ed076f68bf5cd561,assemblyai:balanced-control,8.763999938964844,8.34,8.489999771118164,at turn end,at turn end,,,
spell_out_00bdcf59421d53b4,assemblyai:balanced-control,2.678999900817871,11.92,11.979999542236328,complete pause,complete pause,2.4,3.64,"Thank you, I appreciate that update."
spell_out_0709e091d8f71395,assemblyai:balanced-control,9.467000007629395,14.56,14.699999809265137,mid-sentence pause,mid-sentence pause,8.82,9.8,And my name for the account
spell_out_0cc09c590164143c,assemblyai:balanced-control,8.5649995803833,16.0,16.1200008392334,complete pause,complete pause,8.08,9.42,"Okay yeah it's my claim number for the outage thing, CLM-56347-VQ, that's the one they gave me when the tech came out."
spell_out_1008abf783e671c5,assemblyai:balanced-control,7.061999797821045,15.9,16.079999923706055,complete pause,complete pause,6.68,8.540000000000001,"Okay good, now I need to get my last name spelled right in the system too so there's no mix up when I call back."
spell_out_10f7e8f502d93d02,assemblyai:balanced-control,14.539999961853027,13.040000000000001,13.260000228881836,at turn end,at turn end,,,
spell_out_1b53ce7234b63be5,assemblyai:balanced-control,9.366999626159668,27.060000000000002,27.239999771118164,complete pause,complete pause,8.84,12.200000000000001,"Yeah hi so my order number is ORD-8593214, I'm moving out the 8th of next month and need the meter read and final bill set up."
spell_out_30fd2d95716e6fa6,assemblyai:balanced-control,10.265999794006348,22.86,23.040000915527344,complete pause,complete pause,9.72,10.72,"That's the exact number, please do not round or misread any of the digits."
spell_out_598b769224634912,assemblyai:balanced-control,14.173999786376953,12.700000000000001,12.920000076293945,at turn end,at turn end,,,
spell_out_5c03a17abcb46dd7,assemblyai:balanced-control,2.7669999599456787,13.26,13.4399995803833,complete pause,complete pause,2.38,5.44,This is my third call about this.
spell_out_b0318c57a03f1d79,assemblyai:balanced-control,2.1649999618530273,14.120000000000001,14.119999885559082,complete pause,complete pause,1.78,3.94,"Oh sure, let me think here."
spell_out_b868a11b8bc519eb,assemblyai:balanced-control,4.39300012588501,17.14,17.31999969482422,complete pause,complete pause,2.96,6.28,My account number ends in one-four-four-eight.
spell_out_e4b42eadde069f22,assemblyai:balanced-control,0.8640000224113464,12.16,12.319999694824219,complete pause,complete pause,0.38,3.72,Good.
trailing_entity_119922b241e7072a,assemblyai:balanced-control,7.769000053405762,15.72,15.800000190734863,mid-sentence pause,mid-sentence pause,7.28,7.88,"My crew just got called out to a job site that whole week, so that date's"
trailing_entity_1507736bc809312c,assemblyai:balanced-control,3.867000102996826,20.44,20.440000534057617,complete pause,complete pause,3.1,6.5,"I need to exchange a jacket, wrong size."
trailing_entity_1b9c03bcc52b9a49,assemblyai:balanced-control,2.1659998893737793,14.22,14.239999771118164,complete pause,complete pause,1.72,4.92,It's my Premier Checking account.
trailing_entity_1bf1a0a48e0f31be,assemblyai:balanced-control,1.6660000085830688,13.34,13.4399995803833,complete pause,complete pause,1.12,3.7,"Yes, I have that here."
trailing_entity_2340401d28ccb160,assemblyai:balanced-control,1.2660000324249268,27.66,27.920000076293945,within-chunk pause,within-chunk pause,0.9,1.58,
trailing_entity_255a616bd73d2d21,assemblyai:balanced-control,3.565000057220459,16.9,17.0,complete pause,complete pause,3.04,4.18,"Certainly, I can provide both pieces of information."
trailing_entity_27d3aac324283930,assemblyai:balanced-control,6.566999912261963,25.54,25.639999389648438,complete pause,complete pause,5.5200000000000005,8.66,"Whew, it is sticky out there today, real thick air, my cows have been ornery about going out in it."
trailing_entity_324c5bd25a82465a,assemblyai:balanced-control,1.1660000085830688,16.18,16.360000610351562,complete pause,complete pause,0.86,3.18,"Alright, good."
trailing_entity_39100397932de390,assemblyai:balanced-control,1.5640000104904175,14.1,14.199999809265137,complete pause,complete pause,1.12,3.14,Okay good.
trailing_entity_3c46cddcc7e5c853,assemblyai:balanced-control,5.166999816894531,26.32,26.440000534057617,complete pause,complete pause,4.72,8.42,"Oh boy, it is sticky out here today, that Gulfport humidity just sits on you like a wet towel."
trailing_entity_3e920a01cb91f82c,assemblyai:balanced-control,3.365999937057495,25.68,25.920000076293945,complete pause,complete pause,3.02,6.28,"Oh, thank you so much, I really appreciate that."
trailing_entity_41ad6cb712da543a,assemblyai:balanced-control,4.367000102996826,16.240000000000002,16.440000534057617,complete pause,complete pause,2.7800000000000002,4.58,Flight's AA6545.
trailing_entity_527c37a869c32e86,assemblyai:balanced-control,4.336999893188477,14.0,14.279999732971191,complete pause,complete pause,2.92,4.66,Confirmation code is JT9666P.
trailing_entity_54421f888412646a,assemblyai:balanced-control,3.365999937057495,19.88,20.079999923706055,complete pause,complete pause,2.7800000000000002,5.16,"Hold on, my grandson's got that TV up too loud."
trailing_entity_546d9f682ed5b742,assemblyai:balanced-control,6.866000175476074,22.78,22.920000076293945,complete pause,complete pause,6.34,9.08,Okay good but I still need somebody to look into why my internet keeps dropping every single night right around milking time.
trailing_entity_596c033b24dcec98,assemblyai:balanced-control,3.1700000762939453,18.28,18.31999969482422,mid-sentence pause,mid-sentence pause,2.48,4.76,I need a replacement power adapter
trailing_entity_5a85f64e0feb954b,assemblyai:balanced-control,6.265999794006348,11.02,11.15999984741211,complete pause,complete pause,5.74,6.6000000000000005,right now.
trailing_entity_71c8ffdd3843cc0d,assemblyai:balanced-control,5.065000057220459,8.78,9.079999923706055,complete pause,complete pause,4.48,5.5600000000000005,"I don't have my PIN memorized, but I can give you the account ending digits instead."
trailing_entity_7b7df52de6bac072,assemblyai:balanced-control,2.1689999103546143,15.9,16.1200008392334,complete pause,complete pause,1.72,4.82,"Oh, of course, dear, let me think a moment."
trailing_entity_8152cee6b7f38813,assemblyai:balanced-control,2.4709999561309814,10.5,10.720000267028809,complete pause,complete pause,2.12,4.82,"Yeah, it's about a charge on my bill."
trailing_entity_892cb2dc5e988a99,assemblyai:balanced-control,2.9719998836517334,20.92,20.920000076293945,complete pause,complete pause,2.54,4.42,"Oh, well thank you for looking into that for me."
trailing_entity_940cb650be622303,assemblyai:balanced-control,2.4670000076293945,18.04,18.1200008392334,complete pause,complete pause,2.02,4.48,"Okay, um, thank you so much."
trailing_entity_94b107c81ff29493,assemblyai:balanced-control,1.36899995803833,19.98,20.1200008392334,complete pause,complete pause,1.06,3.72,Good afternoon.
trailing_entity_a9ef2ffe10d56208,assemblyai:balanced-control,4.965000152587891,24.46,24.6200008392334,complete pause,complete pause,4.7,6.18,"I appreciate that, but I still need this overage charge corrected on my account."
trailing_entity_b03586eb0f9cb00d,assemblyai:balanced-control,6.065999984741211,22.8,22.959999084472656,mid-sentence pause,mid-sentence pause,5.5,7.0,"Well, my first flight's running late, so my layover in Cleveland is looking tighter than my work boots"
trailing_entity_b6910e71d333cd96,assemblyai:balanced-control,2.365000009536743,15.120000000000001,15.199999809265137,complete pause,complete pause,1.9000000000000001,4.4,"Oh, okay, yeah, I have that right here."
trailing_entity_b7c423d5ec105680,assemblyai:balanced-control,3.3570001125335693,14.280000000000001,14.279999732971191,complete pause,complete pause,1.86,4.36,It's a Dell Inspiron 15.
trailing_entity_c0a3e69fe2aaae7d,assemblyai:balanced-control,5.665999889373779,15.38,15.390000343322754,complete pause,complete pause,5.12,6.1000000000000005,"Yes, thank you, I would like to... how do you say... reschedule my appointment with Dr. Osei."
trailing_entity_d1be0268d12f698b,assemblyai:balanced-control,11.510000228881836,9.88,10.020000457763672,at turn end,at turn end,,,
trailing_entity_ec33b16ae036e7c0,assemblyai:balanced-control,4.36899995803833,18.96,19.040000915527344,mid-sentence pause,mid-sentence pause,3.92,5.5600000000000005,"Look, I need this refund processed right now, my order came missing"
trailing_entity_f3e4d6e0deab25f1,assemblyai:balanced-control,3.065999984741211,9.72,9.800000190734863,complete pause,complete pause,2.54,3.66,I already gave you my account info online.
trailing_entity_f69d9c6c4e3cecab,assemblyai:balanced-control,2.4709999561309814,21.88,21.959999084472656,complete pause,complete pause,2.06,4.1,"Oh, thank you for looking into that."
trails_off_06745c53e5361286,assemblyai:balanced-control,1.2649999856948853,21.68,21.709999084472656,during speech,within-chunk pause,0.98,1.22,
trails_off_09ff46fc461766f1,assemblyai:balanced-control,3.565999984741211,21.42,21.420000076293945,complete pause,complete pause,3.06,4.16,"Alright, thanks for confirming, appreciate that, boss."
trails_off_0a79f4abc1f2f7d5,assemblyai:balanced-control,3.365999937057495,12.36,12.640000343322754,complete pause,complete pause,2.98,6.46,I need to pay my overdue water and energy bill.
trails_off_1125f1f1f88cda73,assemblyai:balanced-control,4.86899995803833,20.46,20.479999542236328,complete pause,complete pause,4.18,7.5600000000000005,"Thank you, but I would like to confirm the exact amount one more time, please."
trails_off_147bc005838fa2c4,assemblyai:balanced-control,1.6679999828338623,20.240000000000002,20.440000534057617,complete pause,complete pause,1.2,2.06,"Okay, thank you."
trails_off_19f9fbeef321aab3,assemblyai:balanced-control,1.468000054359436,15.780000000000001,15.920000076293945,complete pause,complete pause,1.04,2.7600000000000002,"Okay, good, thanks."
trails_off_1b458742bc038091,assemblyai:balanced-control,2.6659998893737793,13.32,13.420000076293945,mid-sentence pause,mid-sentence pause,2.2600000000000002,3.52,"Okay, um, the charge was on"
trails_off_1d5a1152a4791fd0,assemblyai:balanced-control,9.763999938964844,13.6,13.619999885559082,within-chunk pause,within-chunk pause,9.200000000000001,10.24,
trails_off_1d6d7c49b5eb1197,assemblyai:balanced-control,5.190000057220459,10.200000000000001,10.239999771118164,complete pause,complete pause,3.58,5.5600000000000005,"Hey, so my patient ID is 9217A."
trails_off_200d7db279bd0d8f,assemblyai:balanced-control,2.9660000801086426,14.1,14.220000267028809,complete pause,complete pause,2.54,3.72,"Oh, um, sure, sorry, let me find it."
trails_off_290744e1b1ba88c8,assemblyai:balanced-control,3.361999988555908,23.16,23.15999984741211,complete pause,complete pause,3.0,4.96,"Good day, this is Nabil Osseiran calling."
trails_off_2f02c322131e5dba,assemblyai:balanced-control,4.355000019073486,14.08,14.15999984741211,complete pause,complete pause,2.82,6.36,"Sure, it's T4X9570."
trails_off_72d0a1088d6f9467,assemblyai:balanced-control,7.669000148773193,12.9,13.079999923706055,during speech,within-chunk pause,7.28,7.6000000000000005,
trails_off_8339fa09bf8a2261,assemblyai:balanced-control,2.1649999618530273,16.66,16.719999313354492,complete pause,complete pause,1.7,3.22,"Oh, thank you very much."
trails_off_87a7f55f711fbc9d,assemblyai:balanced-control,2.2679998874664307,22.84,22.920000076293945,complete pause,complete pause,1.8800000000000001,5.4,"Oh boy, okay, let me think."
trails_off_b28bd6cf79d8c5cd,assemblyai:balanced-control,6.166999816894531,7.58,7.619999885559082,within-chunk pause,within-chunk pause,5.34,6.2,
trails_off_b6780c31a7b336c9,assemblyai:balanced-control,4.565999984741211,18.240000000000002,18.31999969482422,complete pause,complete pause,4.08,7.94,"It's HI-3791037, that's my renewal order number."
trails_off_ba0c1dc1c830e416,assemblyai:balanced-control,5.666999816894531,22.78,22.84000015258789,complete pause,complete pause,4.98,6.72,"Oh, well, let me tell you about Biscuit first, he's a standard poodle I did up this morning, sweetest thing."
trails_off_c1106b9078452214,assemblyai:balanced-control,2.565999984741211,20.36,20.399999618530273,complete pause,complete pause,2.06,3.48,"Well, howdy there, thanks for pickin' up."
trails_off_c8408bfd7e5265ca,assemblyai:balanced-control,3.4660000801086426,12.92,12.920000076293945,mid-sentence pause,mid-sentence pause,2.94,5.0200000000000005,I want to exchange my espresso tamper for
trails_off_c8e23811aee9ad67,assemblyai:balanced-control,6.164999961853027,17.080000000000002,17.1200008392334,complete pause,complete pause,5.64,7.2,"Hi, yes, I got a notice saying my water meter reading wasn't submitted this quarter, and I'm worried about a penalty."
trails_off_cb581f3f0c229bd5,assemblyai:balanced-control,3.765000104904175,21.86,22.0,complete pause,complete pause,3.18,4.84,"Well, aside from cracking a few electrical puns, I've got a couple of things."
trails_off_d3161f2c66b66ff1,assemblyai:balanced-control,2.4649999141693115,23.78,23.920000076293945,complete pause,complete pause,2.1,4.78,"Oh, music to my ears, thank you so much!"
trails_off_ea9cc3f51ed4d510,assemblyai:balanced-control,1.7630000114440918,19.44,19.559999465942383,complete pause,complete pause,1.3,3.46,"Okay great, thank you."
trails_off_f25b57aa5f000bca,assemblyai:balanced-control,1.465999960899353,15.32,15.399999618530273,mid-sentence pause,mid-sentence pause,1.0,2.06,That's still
trails_off_f989343973a49594,assemblyai:balanced-control,8.164999961853027,9.86,10.180000305175781,within-chunk pause,within-chunk pause,7.76,8.700000000000001,
afterthought_09f9b16c52b7bac5,assemblyai:max_accuracy,7.864999771118164,23.580000000000002,23.68000030517578,complete pause,complete pause,7.0200000000000005,10.4,Hi yeah I need to exchange a wrist brace order GX-19356 medium for a small it's just too loose to type in all day.
afterthought_2bb910fb1ac10a7e,assemblyai:max_accuracy,4.965000152587891,16.14,16.280000686645508,complete pause,complete pause,4.32,5.44,"Sure thing, it's K, six-five-five-five, A-F, my almost-lucky number, ha!"
afterthought_2d855f8c93058c25,assemblyai:max_accuracy,2.065000057220459,14.52,14.619999885559082,mid-sentence pause,mid-sentence pause,1.36,2.5,"Hi, I need to"
afterthought_599805fdb153c3cd,assemblyai:max_accuracy,14.467000007629395,20.68,20.84000015258789,complete pause,complete pause,13.56,15.200000000000001,"Oh, and I need the exact per gigabyte overage rate you charged, to the cent."
afterthought_6221323053b26399,assemblyai:max_accuracy,8.265999794006348,18.68,18.739999771118164,complete pause,complete pause,7.5,8.38,"Yes, fine, it's 4598, and the charge was $445.98, hit twice on the same date."
afterthought_71fb343cb048d398,assemblyai:max_accuracy,5.565000057220459,31.580000000000002,31.719999313354492,mid-sentence pause,mid-sentence pause,4.8,8.28,"Good afternoon, this is regarding my appointment with Dr. Halvorsen scheduled for next"
afterthought_9d58a6ceed4629f4,assemblyai:max_accuracy,16.465999603271484,15.58,15.699999809265137,at turn end,at turn end,,,
afterthought_9e713c4cd936d7cb,assemblyai:max_accuracy,13.567999839782715,19.36,19.520000457763672,complete pause,complete pause,12.76,14.56,"Oh, and I'm so sorry, I'm on a quick break from a client's house, so I don't have too long."
afterthought_bbde89918ab3eaa1,assemblyai:max_accuracy,13.467000007629395,18.38,18.559999465942383,complete pause,complete pause,12.620000000000001,15.36,"Oh, and I need something the week of November 10th because of a work deadline."
afterthought_c2566d70674e1728,assemblyai:max_accuracy,7.666999816894531,20.240000000000002,20.239999771118164,complete pause,complete pause,6.86,9.42,"Well, I traded in my old sedan, dear, and I need to add the new car to my policy before the renewal goes through."
afterthought_c6b6c8cf44dae87f,assemblyai:max_accuracy,6.867000102996826,18.12,18.1200008392334,complete pause,complete pause,6.18,7.0,"Okay, it's mateo.jaramillo8497@gmail.com, did you get that okay?"
afterthought_c8d402ab2501e19a,assemblyai:max_accuracy,13.067000389099121,12.22,12.279999732971191,at turn end,at turn end,,,
afterthought_d0a8dd7d49e6b3a7,assemblyai:max_accuracy,23.46500015258789,22.44,22.59000015258789,at turn end,at turn end,,,
afterthought_d163f6ad6c39e54b,assemblyai:max_accuracy,12.065999984741211,16.580000000000002,16.719999313354492,complete pause,complete pause,11.38,13.38,"Oh, and I don't have my license number on me."
afterthought_d4bd3ea37ca0f56e,assemblyai:max_accuracy,3.765000104904175,15.98,16.030000686645508,complete pause,complete pause,3.08,3.88,"It's N-A-S-S-O-U-R, Nassour."
afterthought_db18402e6dc04014,assemblyai:max_accuracy,6.066999912261963,18.0,18.15999984741211,complete pause,complete pause,5.16,6.98,"Yes, I would like to renew my commercial driver's licence endorsement, please, before it expires next month."
afterthought_e26c582e7ccad464,assemblyai:max_accuracy,8.24899959564209,5.4,5.519999980926514,at turn end,at turn end,,,
afterthought_e4c993ec4c35fa3f,assemblyai:max_accuracy,11.366999626159668,10.58,10.65999984741211,at turn end,at turn end,,,
backchannel_03d7c65439adc9f3,assemblyai:max_accuracy,1.968000054359436,22.02,22.15999984741211,complete pause,complete pause,1.28,5.1000000000000005,"Alright, hold on."
backchannel_313ce8afc6c51a5d,assemblyai:max_accuracy,2.2660000324249268,24.080000000000002,24.15999984741211,complete pause,complete pause,1.54,5.76,"Well, howdy there."
backchannel_32242efca4b420c8,assemblyai:max_accuracy,2.065999984741211,15.48,15.640000343322754,complete pause,complete pause,1.44,4.6000000000000005,"Okay, hold on a second."
backchannel_514e1eb5e85d43b3,assemblyai:max_accuracy,2.367000102996826,12.6,12.720000267028809,complete pause,complete pause,1.58,2.52,"Um, let me think."
backchannel_68ec52fb3f0fba9e,assemblyai:max_accuracy,2.2669999599456787,14.3,14.479999542236328,complete pause,complete pause,1.54,3.2,"Yes, thank you for asking."
backchannel_80ac020cdce208d6,assemblyai:max_accuracy,2.565999984741211,20.36,20.479999542236328,complete pause,complete pause,1.94,5.2,"Yes, hold on a second."
backchannel_83855b7e46498723,assemblyai:max_accuracy,2.4649999141693115,14.22,14.399999618530273,complete pause,complete pause,1.84,4.0200000000000005,"Yes, one moment please."
backchannel_8779da1120ab5a49,assemblyai:max_accuracy,2.2660000324249268,10.620000000000001,10.800000190734863,complete pause,complete pause,1.56,3.18,"Um, let me think."
backchannel_9d606119130a61ca,assemblyai:max_accuracy,1.6649999618530273,11.72,11.760000228881836,complete pause,complete pause,0.9400000000000001,4.66,Hold on a second.
backchannel_a530853bee87e63d,assemblyai:max_accuracy,1.5750000476837158,8.1,8.239999771118164,complete pause,complete pause,0.9,2.94,Hold on.
backchannel_b803eb10e079d109,assemblyai:max_accuracy,2.068000078201294,13.16,13.279999732971191,complete pause,complete pause,1.1,4.48,"Um, let me think."
digit_groups_2aea06808947db5b,assemblyai:max_accuracy,9.189000129699707,6.38,6.420000076293945,at turn end,at turn end,,,
digit_groups_718268039e945b93,assemblyai:max_accuracy,13.177000045776367,10.38,10.510000228881836,at turn end,at turn end,,,
digit_groups_7e515da4242f9361,assemblyai:max_accuracy,6.165999889373779,22.18,22.399999618530273,complete pause,complete pause,5.3,6.42,"oh well, i'm doing alright, knees are giving me some trouble with this cold snap coming in."
digit_groups_89722df7e6fed501,assemblyai:max_accuracy,2.566999912261963,18.64,18.68000030517578,mid-sentence pause,mid-sentence pause,1.6600000000000001,5.32,"Um, sorry, yes,"
digit_groups_8d0eb0aab9e7add1,assemblyai:max_accuracy,3.2669999599456787,10.82,10.90999984741211,complete pause,complete pause,2.2600000000000002,3.34,"Oh sure, let me find that for you."
digit_groups_929f4ff301514508,assemblyai:max_accuracy,2.1649999618530273,15.44,15.680000305175781,mid-sentence pause,mid-sentence pause,1.32,3.56,"Oh, yes, let"
digit_groups_cf24c307b9c7b6bd,assemblyai:max_accuracy,1.7680000066757202,7.86,8.15999984741211,complete pause,complete pause,0.9400000000000001,3.64,Order number.
digit_groups_d36e63d6d403e31d,assemblyai:max_accuracy,21.07699966430664,18.3,18.559999465942383,at turn end,at turn end,,,
digit_groups_fe4a6bd28c7c4071,assemblyai:max_accuracy,13.673999786376953,12.98,13.239999771118164,at turn end,at turn end,,,
elaboration_0a476bac5400396d,assemblyai:max_accuracy,2.367000102996826,14.42,14.520000457763672,complete pause,complete pause,1.5,4.34,Don't know the exact date.
elaboration_0f65b567fde8614f,assemblyai:max_accuracy,5.065000057220459,11.68,11.779999732971191,complete pause,complete pause,4.22,5.62,I would like to schedule an appointment to renew my commercial driver's licence endorsement.
elaboration_144b35a523a2a778,assemblyai:max_accuracy,2.365999937057495,14.780000000000001,14.960000038146973,complete pause,complete pause,1.48,4.48,"Okay, um, thank you."
elaboration_166aa01f1e489e6c,assemblyai:max_accuracy,13.567000389099121,12.82,12.979999542236328,at turn end,at turn end,,,
elaboration_47ee6422cff2a5af,assemblyai:max_accuracy,7.127999782562256,21.2,21.559999465942383,during speech,complete pause,4.28,7.0600000000000005,"Oh sure, my card is on file there, the last four digits are four three three two."
elaboration_4da8628cc0e7e8b0,assemblyai:max_accuracy,19.464000701904297,18.62,18.719999313354492,at turn end,at turn end,,,
elaboration_5309c5360b995862,assemblyai:max_accuracy,6.165999889373779,14.48,14.640000343322754,during speech,complete pause,3.44,6.08,It's CL-96201738.
elaboration_5f178f2f7e08a5e6,assemblyai:max_accuracy,4.065000057220459,18.3,18.399999618530273,complete pause,complete pause,3.36,6.3,"Hi, I need to file a shipping damage claim, please."
elaboration_61257cb6fcf957fe,assemblyai:max_accuracy,18.865999221801758,17.98,18.059999465942383,at turn end,at turn end,,,
elaboration_8025215d7dcb0682,assemblyai:max_accuracy,22.099000930786133,19.3,19.360000610351562,at turn end,at turn end,,,
elaboration_a4a94e60a893d1c2,assemblyai:max_accuracy,6.1620001792907715,9.620000000000001,9.800000190734863,complete pause,complete pause,3.36,6.96,Address is 1796 Vine Street.
elaboration_d0758023c5b497bc,assemblyai:max_accuracy,12.470000267028809,11.4,11.479999542236328,at turn end,at turn end,,,
elaboration_e796e7bf9b8de8c3,assemblyai:max_accuracy,5.966000080108643,17.400000000000002,17.5,mid-sentence pause,mid-sentence pause,5.24,6.640000000000001,"Yes, I want to report the... how you say... the meter"
elaboration_e937d8e707d941c2,assemblyai:max_accuracy,3.365999937057495,9.72,9.720000267028809,complete pause,complete pause,2.48,5.0,"Well, I'd like to add my grandson to the policy."
elaboration_f93c6d67e54688e1,assemblyai:max_accuracy,18.165000915527344,17.400000000000002,17.479999542236328,at turn end,at turn end,,,
multi_request_02838a4f1cd8efe9,assemblyai:max_accuracy,9.710000038146973,16.8,17.15999984741211,complete pause,complete pause,8.82,10.72,"I need the real shipping status, not another apology."
multi_request_07765074176fda31,assemblyai:max_accuracy,5.75,18.68,18.719999313354492,complete pause,complete pause,2.96,6.58,"Yes, my card ending is one seven six nine."
multi_request_07e8fcfd8b3b5da9,assemblyai:max_accuracy,7.813000202178955,23.740000000000002,23.84000015258789,complete pause,complete pause,5.04,8.26,"It's R7K1503X, R7K, one five zero three X."
multi_request_10358ab811a07023,assemblyai:max_accuracy,5.314000129699707,14.1,14.239999771118164,complete pause,complete pause,2.44,5.62,It's 8T582FQ2.
multi_request_26a164326dd4e4e9,assemblyai:max_accuracy,8.154999732971191,19.36,19.440000534057617,complete pause,complete pause,5.4,8.46,My order number is OD-0137-5589.
multi_request_3486220e1cf6f0e6,assemblyai:max_accuracy,16.065000534057617,15.34,15.399999618530273,at turn end,at turn end,,,
multi_request_358e94ca2777a819,assemblyai:max_accuracy,14.364999771118164,13.5,13.710000038146973,at turn end,at turn end,,,
multi_request_38609458afd4348f,assemblyai:max_accuracy,20.768999099731445,19.96,20.1200008392334,at turn end,at turn end,,,
multi_request_4300fd8617038c4d,assemblyai:max_accuracy,13.965999603271484,20.54,20.639999389648438,complete pause,complete pause,12.92,15.280000000000001,"I need that rescheduled, that time got double-booked with an inspection."
multi_request_4440340207cd92a4,assemblyai:max_accuracy,6.366000175476074,21.62,21.799999237060547,complete pause,complete pause,5.5600000000000005,7.38,Okay yeah so my bill this month is eighteen hundred dollars and fourteen cents which is insane.
multi_request_514ecabaf8752671,assemblyai:max_accuracy,5.565000057220459,24.22,24.239999771118164,complete pause,complete pause,4.72,8.2,"Yeah it's W5318K2, that's the order confirmation code."
multi_request_5477fc457b1b2123,assemblyai:max_accuracy,6.368000030517578,27.12,27.280000686645508,complete pause,complete pause,5.54,9.34,I would like to formally dispute a data overage charge of sixty two dollars and twenty nine cents on my latest bill.
multi_request_56a038ebf6f85567,assemblyai:max_accuracy,22.368000030517578,21.52,21.559999465942383,at turn end,at turn end,,,
multi_request_5b39ad6fed5155e5,assemblyai:max_accuracy,13.666000366210938,12.84,12.920000076293945,at turn end,at turn end,,,
multi_request_761de59d6e9a0594,assemblyai:max_accuracy,1.2649999856948853,10.66,10.779999732971191,complete pause,complete pause,0.64,1.54,Okay.
multi_request_7a10de7696caa068,assemblyai:max_accuracy,7.9679999351501465,13.24,13.5600004196167,complete pause,complete pause,7.140000000000001,9.28,I need these gloves swapped for an extra-large.
multi_request_7c87bfb11549fbf3,assemblyai:max_accuracy,14.970999717712402,14.08,14.199999809265137,at turn end,at turn end,,,
multi_request_9d247b220d911f2a,assemblyai:max_accuracy,10.670000076293945,15.76,15.800000190734863,complete pause,complete pause,10.0,11.040000000000001,I want to know why my renewal premium went up so much this year.
multi_request_b99609221e61f9c3,assemblyai:max_accuracy,12.5649995803833,11.78,11.9399995803833,at turn end,at turn end,,,
multi_request_c802585d8a446d1e,assemblyai:max_accuracy,9.664999961853027,13.9,14.039999961853027,complete pause,complete pause,8.94,10.42,"Also, I need to move my appointment from the morning to the afternoon, if possible."
multi_request_d149aeeda201f23c,assemblyai:max_accuracy,18.566999435424805,17.72,17.719999313354492,at turn end,at turn end,,,
multi_request_f207e51d665fab54,assemblyai:max_accuracy,5.164999961853027,20.68,20.719999313354492,complete pause,complete pause,4.42,7.8,"Good day, I am calling regarding my upcoming follow-up appointment with Dr. Simmons."
partial_entity_1fda22fff766378f,assemblyai:max_accuracy,2.9649999141693115,14.16,14.15999984741211,complete pause,complete pause,2.22,3.72,This is the third time I'm calling about this.
partial_entity_f530d099d8e9ea00,assemblyai:max_accuracy,4.765999794006348,14.86,15.0,complete pause,complete pause,3.7800000000000002,6.3,"Sure thing, it's a burst pipe emergency, not my phone skills, though those are questionable too."
question_then_context_51c348f4cb94efc7,assemblyai:max_accuracy,2.865000009536743,7.140000000000001,7.239999771118164,complete pause,complete pause,2.24,4.76,Can you exchange it instead of a refund.
question_then_context_85ac766f0f99609f,assemblyai:max_accuracy,4.664999961853027,10.8,10.84000015258789,complete pause,complete pause,3.7600000000000002,6.44,"Oh, um, could I please give you my confirmation code now?"
question_then_context_8d33550d5c759a31,assemblyai:max_accuracy,20.166000366210938,19.14,19.219999313354492,at turn end,at turn end,,,
question_then_context_d5cf226545b4656f,assemblyai:max_accuracy,12.843999862670898,9.98,10.09000015258789,at turn end,at turn end,,,
repair_5ff2b83bdb6194ff,assemblyai:max_accuracy,8.262999534606934,7.46,7.599999904632568,at turn end,at turn end,,,
repair_673caabda7753d94,assemblyai:max_accuracy,8.329999923706055,16.0,16.040000915527344,complete pause,complete pause,5.4,8.9,"Hi, yes, I need to get a refund - actually wait, can you first just pull up my order from March 5th?"
repair_68c04a8b21eec19f,assemblyai:max_accuracy,7.065999984741211,16.78,17.0,complete pause,complete pause,6.34,9.72,Yeah so I want to dispute the charge from - actually can you just pull up my account with the reference code first?
repair_8f454b666fd505d7,assemblyai:max_accuracy,4.4670000076293945,9.1,9.239999771118164,complete pause,complete pause,3.7800000000000002,6.5,"Card ending in 96 - hang on, KAYLEE quiet down!"
repair_a7087e42bc27f7a7,assemblyai:max_accuracy,12.604999542236328,9.76,9.770000457763672,at turn end,at turn end,,,
repair_b3fb44b0b6df8ca3,assemblyai:max_accuracy,12.640999794006348,9.84,9.84000015258789,at turn end,at turn end,,,
repair_b80e8fb370625286,assemblyai:max_accuracy,6.864999771118164,6.12,6.159999847412109,at turn end,at turn end,,,
repair_e32aa295aaee9673,assemblyai:max_accuracy,4.079999923706055,15.72,15.920000076293945,during speech,mid-sentence pause,1.12,4.0600000000000005,"Uh, yeah, it's"
repair_f8b304971011cb12,assemblyai:max_accuracy,12.064000129699707,11.18,11.380000114440918,at turn end,at turn end,,,
self_correction_34e0e5331a9e2991,assemblyai:max_accuracy,2.869999885559082,18.78,19.040000915527344,complete pause,complete pause,2.1,3.08,"Oh sure, let me get that for you, hold on."
self_correction_3e6c16bdfd132391,assemblyai:max_accuracy,5.164000034332275,17.2,17.360000610351562,complete pause,complete pause,2.42,6.04,"Yeah, the card ending in 4504."
self_correction_460a6b4f8a4fd686,assemblyai:max_accuracy,22.26799964904785,21.46,21.459999084472656,at turn end,at turn end,,,
self_correction_496725a909b408b4,assemblyai:max_accuracy,14.467000007629395,19.26,19.31999969482422,complete pause,complete pause,13.540000000000001,14.68,"Wait sorry, it was ordered July 31st and delivered August 7th, I mixed those up."
self_correction_61979500519812e9,assemblyai:max_accuracy,10.0649995803833,11.700000000000001,11.899999618530273,complete pause,complete pause,9.200000000000001,10.3,3rd of last month.
self_correction_77cac1ae9cc97eec,assemblyai:max_accuracy,2.1649999618530273,14.06,14.15999984741211,complete pause,complete pause,1.44,3.92,"Okay, um, thank you."
self_correction_932283ddc2a57804,assemblyai:max_accuracy,11.265999794006348,16.46,16.559999465942383,complete pause,complete pause,10.46,13.0,It's been almost three weeks and no router has shown up.
self_correction_ab5ab3afd8e7e435,assemblyai:max_accuracy,8.064000129699707,24.32,24.31999969482422,complete pause,complete pause,7.38,9.28,"Turn that thing down, I'm on the phone!"
self_correction_b7fb5d2ab95d794d,assemblyai:max_accuracy,8.369999885559082,26.04,26.079999923706055,complete pause,complete pause,7.6000000000000005,10.3,been drinking twice as much water as usual.
self_correction_bc298977875995d0,assemblyai:max_accuracy,2.9649999141693115,16.12,16.219999313354492,complete pause,complete pause,2.32,3.7600000000000002,"Okay, thank you, I appreciate that."
self_correction_ca9cf55fb010c1a5,assemblyai:max_accuracy,1.2649999856948853,6.78,6.920000076293945,complete pause,complete pause,0.56,1.72,Fine.
self_correction_cae6662cda5dd203,assemblyai:max_accuracy,11.076000213623047,32.94,33.0,complete pause,complete pause,8.2,11.94,"Yeah it's permit EP-3610-22, job site's 3610 Barrancas Avenue in Pensacola."
self_correction_eca782cfe44af90d,assemblyai:max_accuracy,10.5649995803833,19.5,19.68000030517578,complete pause,complete pause,9.82,10.74,"Wait, sorry, that's the confirmation code, not the flight number, let me think."
short_confirmation_1ab947b9ef24006a,assemblyai:max_accuracy,6.250999927520752,3.5,3.5199999809265137,at turn end,at turn end,,,
short_confirmation_3a74fd7b7731fc0d,assemblyai:max_accuracy,2.4660000801086426,1.74,1.840000033378601,at turn end,at turn end,,,
short_confirmation_3bc2a556319163f1,assemblyai:max_accuracy,1.5740000009536743,0.78,1.0399999618530273,at turn end,at turn end,,,
short_confirmation_3fd1631ef3fc58ea,assemblyai:max_accuracy,1.8650000095367432,1.1,1.2799999713897705,at turn end,at turn end,,,
short_confirmation_55f10ad688dc83c9,assemblyai:max_accuracy,2.6670000553131104,1.8,1.9199999570846558,at turn end,at turn end,,,
short_confirmation_61de1f7a8dd9169b,assemblyai:max_accuracy,6.13700008392334,3.4,3.5999999046325684,at turn end,at turn end,,,
short_confirmation_694d9b051d58ba28,assemblyai:max_accuracy,2.4639999866485596,1.68,1.9199999570846558,at turn end,at turn end,,,
short_confirmation_8bc57dfdc545cf57,assemblyai:max_accuracy,7.455999851226807,4.66,4.880000114440918,at turn end,at turn end,,,
short_confirmation_a5da3a5208745e03,assemblyai:max_accuracy,7.053999900817871,4.28,4.409999847412109,at turn end,at turn end,,,
short_confirmation_a8995fb87ecf0ae1,assemblyai:max_accuracy,2.565999984741211,1.72,2.0,at turn end,at turn end,,,
short_confirmation_b6ed8db99395206e,assemblyai:max_accuracy,1.6660000085830688,3.98,4.28000020980835,mid-sentence pause,mid-sentence pause,0.88,3.14,"Okay, thank"
short_confirmation_d37cd36ecb2c7ebb,assemblyai:max_accuracy,5.666999816894531,4.94,5.039999961853027,at turn end,at turn end,,,
short_confirmation_d386c2f9eea1e23a,assemblyai:max_accuracy,1.7669999599456787,1.06,1.3600000143051147,at turn end,at turn end,,,
short_confirmation_dc00050fa2fe7214,assemblyai:max_accuracy,6.593999862670898,3.8000000000000003,3.8399999141693115,at turn end,at turn end,,,
short_confirmation_f60b370ce0253269,assemblyai:max_accuracy,2.566999912261963,1.86,2.0799999237060547,at turn end,at turn end,,,
short_question_0ce6a166d2abe0c5,assemblyai:max_accuracy,1.465999960899353,4.0,4.28000020980835,mid-sentence pause,mid-sentence pause,0.84,3.5,Why'd it go
short_question_242768038719905b,assemblyai:max_accuracy,1.965999960899353,1.2,1.440000057220459,at turn end,at turn end,,,
short_question_33f83f62646a012f,assemblyai:max_accuracy,2.2669999599456787,1.56,1.600000023841858,at turn end,at turn end,,,
short_question_5cb5fd0cf91b7070,assemblyai:max_accuracy,1.968000054359436,1.24,1.3600000143051147,at turn end,at turn end,,,
short_question_611fb8bd4a359011,assemblyai:max_accuracy,2.565999984741211,1.8800000000000001,1.9199999570846558,at turn end,at turn end,,,
short_question_a20bc07e1f956f44,assemblyai:max_accuracy,2.2639999389648438,1.54,1.840000033378601,at turn end,at turn end,,,
short_question_c2680fb0bed93641,assemblyai:max_accuracy,4.466000080108643,3.8200000000000003,4.090000152587891,at turn end,at turn end,,,
short_question_d7ad3f776b02a62b,assemblyai:max_accuracy,7.0970001220703125,4.3,4.400000095367432,at turn end,at turn end,,,
single_request_0cccbb6cf1787be3,assemblyai:max_accuracy,9.647000312805176,6.78,6.960000038146973,at turn end,at turn end,,,
single_request_29d57d85169f964c,assemblyai:max_accuracy,7.965000152587891,7.0600000000000005,7.119999885559082,at turn end,at turn end,,,
single_request_474c7d879ab5f8ad,assemblyai:max_accuracy,6.866000175476074,6.08,6.159999847412109,at turn end,at turn end,,,
single_request_ed076f68bf5cd561,assemblyai:max_accuracy,9.163999557495117,8.34,8.489999771118164,at turn end,at turn end,,,
spell_out_00bdcf59421d53b4,assemblyai:max_accuracy,3.065000057220459,11.92,11.979999542236328,complete pause,complete pause,2.4,3.64,"Thank you, I appreciate that update."
spell_out_0709e091d8f71395,assemblyai:max_accuracy,9.663999557495117,14.56,14.699999809265137,mid-sentence pause,mid-sentence pause,8.82,9.8,And my name for the account
spell_out_0cc09c590164143c,assemblyai:max_accuracy,11.465999603271484,16.0,16.1200008392334,mid-sentence pause,mid-sentence pause,10.68,11.96,"Let me spell that so you got it right,"
spell_out_1008abf783e671c5,assemblyai:max_accuracy,7.567999839782715,15.9,16.079999923706055,complete pause,complete pause,6.68,8.540000000000001,"Okay good, now I need to get my last name spelled right in the system too so there's no mix up when I call back."
spell_out_10f7e8f502d93d02,assemblyai:max_accuracy,15.888999938964844,13.040000000000001,13.260000228881836,at turn end,at turn end,,,
spell_out_1b53ce7234b63be5,assemblyai:max_accuracy,9.569000244140625,27.060000000000002,27.239999771118164,complete pause,complete pause,8.84,12.200000000000001,"Yeah hi so my order number is ORD-8593214, I'm moving out the 8th of next month and need the meter read and final bill set up."
spell_out_30fd2d95716e6fa6,assemblyai:max_accuracy,10.467000007629395,22.86,23.040000915527344,complete pause,complete pause,9.72,10.72,"That's the exact number, please do not round or misread any of the digits."
spell_out_598b769224634912,assemblyai:max_accuracy,15.437000274658203,12.700000000000001,12.920000076293945,at turn end,at turn end,,,
spell_out_5c03a17abcb46dd7,assemblyai:max_accuracy,3.1670000553131104,13.26,13.4399995803833,complete pause,complete pause,2.38,5.44,This is my third call about this.
spell_out_b0318c57a03f1d79,assemblyai:max_accuracy,2.4709999561309814,14.120000000000001,14.119999885559082,complete pause,complete pause,1.78,3.94,"Oh sure, let me think here."
spell_out_b868a11b8bc519eb,assemblyai:max_accuracy,5.64900016784668,17.14,17.31999969482422,complete pause,complete pause,2.96,6.28,My account number ends in one-four-four-eight.
spell_out_e4b42eadde069f22,assemblyai:max_accuracy,1.1640000343322754,12.16,12.319999694824219,complete pause,complete pause,0.38,3.72,Good.
trailing_entity_119922b241e7072a,assemblyai:max_accuracy,18.645000457763672,15.72,15.800000190734863,at turn end,at turn end,,,
trailing_entity_1507736bc809312c,assemblyai:max_accuracy,3.865000009536743,20.44,20.440000534057617,complete pause,complete pause,3.1,6.5,"I need to exchange a jacket, wrong size."
trailing_entity_1b9c03bcc52b9a49,assemblyai:max_accuracy,2.565000057220459,14.22,14.239999771118164,complete pause,complete pause,1.72,4.92,It's my Premier Checking account.
trailing_entity_1bf1a0a48e0f31be,assemblyai:max_accuracy,1.8630000352859497,13.34,13.4399995803833,complete pause,complete pause,1.12,3.7,"Yes, I have that here."
trailing_entity_2340401d28ccb160,assemblyai:max_accuracy,5.966000080108643,27.66,27.920000076293945,complete pause,complete pause,5.26,7.88,"Okay, uh, good, but that's not really- hey, turn that down!"
trailing_entity_255a616bd73d2d21,assemblyai:max_accuracy,3.7660000324249268,16.9,17.0,complete pause,complete pause,3.04,4.18,"Certainly, I can provide both pieces of information."
trailing_entity_27d3aac324283930,assemblyai:max_accuracy,6.4679999351501465,25.54,25.639999389648438,complete pause,complete pause,5.5200000000000005,8.66,"Whew, it is sticky out there today, real thick air, my cows have been ornery about going out in it."
trailing_entity_324c5bd25a82465a,assemblyai:max_accuracy,1.565999984741211,16.18,16.360000610351562,complete pause,complete pause,0.86,3.18,"Alright, good."
trailing_entity_39100397932de390,assemblyai:max_accuracy,1.8650000095367432,14.1,14.199999809265137,complete pause,complete pause,1.12,3.14,Okay good.
trailing_entity_3c46cddcc7e5c853,assemblyai:max_accuracy,5.565000057220459,26.32,26.440000534057617,complete pause,complete pause,4.72,8.42,"Oh boy, it is sticky out here today, that Gulfport humidity just sits on you like a wet towel."
trailing_entity_3e920a01cb91f82c,assemblyai:max_accuracy,3.6640000343322754,25.68,25.920000076293945,complete pause,complete pause,3.02,6.28,"Oh, thank you so much, I really appreciate that."
trailing_entity_41ad6cb712da543a,assemblyai:max_accuracy,8.96500015258789,16.240000000000002,16.440000534057617,complete pause,complete pause,8.02,9.78,"Bag ticket was issued at the connecting airport, not the origin."
trailing_entity_527c37a869c32e86,assemblyai:max_accuracy,16.926000595092773,14.0,14.279999732971191,at turn end,at turn end,,,
trailing_entity_54421f888412646a,assemblyai:max_accuracy,3.6659998893737793,19.88,20.079999923706055,complete pause,complete pause,2.7800000000000002,5.16,"Hold on, my grandson's got that TV up too loud."
trailing_entity_546d9f682ed5b742,assemblyai:max_accuracy,7.164000034332275,22.78,22.920000076293945,complete pause,complete pause,6.34,9.08,Okay good but I still need somebody to look into why my internet keeps dropping every single night right around milking time.
trailing_entity_596c033b24dcec98,assemblyai:max_accuracy,3.2639999389648438,18.28,18.31999969482422,mid-sentence pause,mid-sentence pause,2.48,4.76,I need a replacement power adapter
trailing_entity_5a85f64e0feb954b,assemblyai:max_accuracy,13.885000228881836,11.02,11.15999984741211,at turn end,at turn end,,,
trailing_entity_71c8ffdd3843cc0d,assemblyai:max_accuracy,5.164000034332275,8.78,9.079999923706055,complete pause,complete pause,4.48,5.5600000000000005,"I don't have my PIN memorized, but I can give you the account ending digits instead."
trailing_entity_7b7df52de6bac072,assemblyai:max_accuracy,2.565999984741211,15.9,16.1200008392334,complete pause,complete pause,1.72,4.82,"Oh, of course, dear, let me think a moment."
trailing_entity_8152cee6b7f38813,assemblyai:max_accuracy,2.868000030517578,10.5,10.720000267028809,complete pause,complete pause,2.12,4.82,"Yeah, it's about a charge on my bill."
trailing_entity_892cb2dc5e988a99,assemblyai:max_accuracy,3.2750000953674316,20.92,20.920000076293945,complete pause,complete pause,2.54,4.42,"Oh, well thank you for looking into that for me."
trailing_entity_940cb650be622303,assemblyai:max_accuracy,2.6659998893737793,18.04,18.1200008392334,complete pause,complete pause,2.02,4.48,"Okay, um, thank you so much."
trailing_entity_94b107c81ff29493,assemblyai:max_accuracy,1.7690000534057617,19.98,20.1200008392334,complete pause,complete pause,1.06,3.72,Good afternoon.
trailing_entity_a9ef2ffe10d56208,assemblyai:max_accuracy,5.4679999351501465,24.46,24.6200008392334,complete pause,complete pause,4.7,6.18,"I appreciate that, but I still need this overage charge corrected on my account."
trailing_entity_b03586eb0f9cb00d,assemblyai:max_accuracy,6.267000198364258,22.8,22.959999084472656,mid-sentence pause,mid-sentence pause,5.5,7.0,"Well, my first flight's running late, so my layover in Cleveland is looking tighter than my work boots"
trailing_entity_b6910e71d333cd96,assemblyai:max_accuracy,2.690999984741211,15.120000000000001,15.199999809265137,complete pause,complete pause,1.9000000000000001,4.4,"Oh, okay, yeah, I have that right here."
trailing_entity_b7c423d5ec105680,assemblyai:max_accuracy,6.964000225067139,14.280000000000001,14.279999732971191,complete pause,complete pause,6.08,8.58,Bought it about a year and a half ago.
trailing_entity_c0a3e69fe2aaae7d,assemblyai:max_accuracy,10.067000389099121,15.38,15.390000343322754,complete pause,complete pause,9.26,10.52,"I am flying to visit my family that week, and I will not be here."
trailing_entity_d1be0268d12f698b,assemblyai:max_accuracy,12.753999710083008,9.88,10.020000457763672,at turn end,at turn end,,,
trailing_entity_ec33b16ae036e7c0,assemblyai:max_accuracy,4.666999816894531,18.96,19.040000915527344,mid-sentence pause,mid-sentence pause,3.92,5.5600000000000005,"Look, I need this refund processed right now, my order came missing"
trailing_entity_f3e4d6e0deab25f1,assemblyai:max_accuracy,3.2660000324249268,9.72,9.800000190734863,complete pause,complete pause,2.54,3.66,I already gave you my account info online.
trailing_entity_f69d9c6c4e3cecab,assemblyai:max_accuracy,2.7669999599456787,21.88,21.959999084472656,complete pause,complete pause,2.06,4.1,"Oh, thank you for looking into that."
trails_off_06745c53e5361286,assemblyai:max_accuracy,24.476999282836914,21.68,21.709999084472656,at turn end,at turn end,,,
trails_off_09ff46fc461766f1,assemblyai:max_accuracy,3.9649999141693115,21.42,21.420000076293945,complete pause,complete pause,3.06,4.16,"Alright, thanks for confirming, appreciate that, boss."
trails_off_0a79f4abc1f2f7d5,assemblyai:max_accuracy,3.7639999389648438,12.36,12.640000343322754,complete pause,complete pause,2.98,6.46,I need to pay my overdue water and energy bill.
trails_off_1125f1f1f88cda73,assemblyai:max_accuracy,5.065999984741211,20.46,20.479999542236328,complete pause,complete pause,4.18,7.5600000000000005,"Thank you, but I would like to confirm the exact amount one more time, please."
trails_off_147bc005838fa2c4,assemblyai:max_accuracy,1.8680000305175781,20.240000000000002,20.440000534057617,complete pause,complete pause,1.2,2.06,"Okay, thank you."
trails_off_19f9fbeef321aab3,assemblyai:max_accuracy,1.7640000581741333,15.780000000000001,15.920000076293945,complete pause,complete pause,1.04,2.7600000000000002,"Okay, good, thanks."
trails_off_1b458742bc038091,assemblyai:max_accuracy,2.9660000801086426,13.32,13.420000076293945,mid-sentence pause,mid-sentence pause,2.2600000000000002,3.52,"Okay, um, the charge was on"
trails_off_1d5a1152a4791fd0,assemblyai:max_accuracy,9.967000007629395,13.6,13.619999885559082,within-chunk pause,within-chunk pause,9.200000000000001,10.24,
trails_off_1d6d7c49b5eb1197,assemblyai:max_accuracy,7.565000057220459,10.200000000000001,10.239999771118164,within-chunk pause,within-chunk pause,6.82,8.66,
trails_off_200d7db279bd0d8f,assemblyai:max_accuracy,3.1659998893737793,14.1,14.220000267028809,complete pause,complete pause,2.54,3.72,"Oh, um, sure, sorry, let me find it."
trails_off_290744e1b1ba88c8,assemblyai:max_accuracy,3.6640000343322754,23.16,23.15999984741211,complete pause,complete pause,3.0,4.96,"Good day, this is Nabil Osseiran calling."
trails_off_2f02c322131e5dba,assemblyai:max_accuracy,5.6529998779296875,14.08,14.15999984741211,complete pause,complete pause,2.82,6.36,"Sure, it's T4X9570."
trails_off_72d0a1088d6f9467,assemblyai:max_accuracy,11.366999626159668,12.9,13.079999923706055,within-chunk pause,within-chunk pause,10.68,11.94,
trails_off_8339fa09bf8a2261,assemblyai:max_accuracy,2.4679999351501465,16.66,16.719999313354492,complete pause,complete pause,1.7,3.22,"Oh, thank you very much."
trails_off_87a7f55f711fbc9d,assemblyai:max_accuracy,2.565000057220459,22.84,22.920000076293945,complete pause,complete pause,1.8800000000000001,5.4,"Oh boy, okay, let me think."
trails_off_b28bd6cf79d8c5cd,assemblyai:max_accuracy,8.5649995803833,7.58,7.619999885559082,at turn end,at turn end,,,
trails_off_b6780c31a7b336c9,assemblyai:max_accuracy,4.767000198364258,18.240000000000002,18.31999969482422,complete pause,complete pause,4.08,7.94,"It's HI-3791037, that's my renewal order number."
trails_off_ba0c1dc1c830e416,assemblyai:max_accuracy,5.767000198364258,22.78,22.84000015258789,complete pause,complete pause,4.98,6.72,"Oh, well, let me tell you about Biscuit first, he's a standard poodle I did up this morning, sweetest thing."
trails_off_c1106b9078452214,assemblyai:max_accuracy,2.765000104904175,20.36,20.399999618530273,complete pause,complete pause,2.06,3.48,"Well, howdy there, thanks for pickin' up."
trails_off_c8408bfd7e5265ca,assemblyai:max_accuracy,3.6670000553131104,12.92,12.920000076293945,mid-sentence pause,mid-sentence pause,2.94,5.0200000000000005,I want to exchange my espresso tamper for
trails_off_c8e23811aee9ad67,assemblyai:max_accuracy,6.564000129699707,17.080000000000002,17.1200008392334,complete pause,complete pause,5.64,7.2,"Hi, yes, I got a notice saying my water meter reading wasn't submitted this quarter, and I'm worried about a penalty."
trails_off_cb581f3f0c229bd5,assemblyai:max_accuracy,4.014999866485596,21.86,22.0,complete pause,complete pause,3.18,4.84,"Well, aside from cracking a few electrical puns, I've got a couple of things."
trails_off_d3161f2c66b66ff1,assemblyai:max_accuracy,2.864000082015991,23.78,23.920000076293945,complete pause,complete pause,2.1,4.78,"Oh, music to my ears, thank you so much!"
trails_off_ea9cc3f51ed4d510,assemblyai:max_accuracy,1.8660000562667847,19.44,19.559999465942383,complete pause,complete pause,1.3,3.46,"Okay great, thank you."
trails_off_f25b57aa5f000bca,assemblyai:max_accuracy,1.7680000066757202,15.32,15.399999618530273,mid-sentence pause,mid-sentence pause,1.0,2.06,That's still
trails_off_f989343973a49594,assemblyai:max_accuracy,8.465999603271484,9.86,10.180000305175781,within-chunk pause,within-chunk pause,7.76,8.700000000000001,
afterthought_09f9b16c52b7bac5,assemblyai:min_latency,7.866000175476074,23.580000000000002,23.68000030517578,complete pause,complete pause,7.0200000000000005,10.4,Hi yeah I need to exchange a wrist brace order GX-19356 medium for a small it's just too loose to type in all day.
afterthought_2bb910fb1ac10a7e,assemblyai:min_latency,4.765999794006348,16.14,16.280000686645508,complete pause,complete pause,4.32,5.44,"Sure thing, it's K, six-five-five-five, A-F, my almost-lucky number, ha!"
afterthought_2d855f8c93058c25,assemblyai:min_latency,1.7649999856948853,14.52,14.619999885559082,mid-sentence pause,mid-sentence pause,1.36,2.5,"Hi, I need to"
afterthought_599805fdb153c3cd,assemblyai:min_latency,5.361999988555908,20.68,20.84000015258789,mid-sentence pause,mid-sentence pause,4.54,6.18,"I would like to dispute the overage charge on account number nine six seven two,"
afterthought_6221323053b26399,assemblyai:min_latency,7.966000080108643,18.68,18.739999771118164,complete pause,complete pause,7.5,8.38,"Yes, fine, it's 4598, and the charge was $445.98, hit twice on the same date."
afterthought_71fb343cb048d398,assemblyai:min_latency,5.263000011444092,31.580000000000002,31.719999313354492,mid-sentence pause,mid-sentence pause,4.8,8.28,"Good afternoon, this is regarding my appointment with Dr. Halvorsen scheduled for next"
afterthought_9d58a6ceed4629f4,assemblyai:min_latency,7.150000095367432,15.58,15.699999809265137,complete pause,complete pause,6.28,7.24,Kayode. K-A-Y-O-D-E. Account number 2478-6693.
afterthought_9e713c4cd936d7cb,assemblyai:min_latency,6.704999923706055,19.36,19.520000457763672,complete pause,complete pause,5.78,7.98,"Oh, sure, it's order number 8662, um, 4471."
afterthought_bbde89918ab3eaa1,assemblyai:min_latency,7.068999767303467,18.38,18.559999465942383,complete pause,complete pause,6.2,8.84,My license number ends in 1042 and I need to move my October 4th appointment at the Ogden DMV.
afterthought_c2566d70674e1728,assemblyai:min_latency,7.363999843597412,20.240000000000002,20.239999771118164,complete pause,complete pause,6.86,9.42,"Well, I traded in my old sedan, dear, and I need to add the new car to my policy before the renewal goes through."
afterthought_c6b6c8cf44dae87f,assemblyai:min_latency,6.565000057220459,18.12,18.1200008392334,complete pause,complete pause,6.18,7.0,"Okay, it's mateo.jaramillo8497@gmail.com, did you get that okay?"
afterthought_c8d402ab2501e19a,assemblyai:min_latency,12.866000175476074,12.22,12.279999732971191,at turn end,at turn end,,,
afterthought_d0a8dd7d49e6b3a7,assemblyai:min_latency,22.8700008392334,22.44,22.59000015258789,at turn end,at turn end,,,
afterthought_d163f6ad6c39e54b,assemblyai:min_latency,8.204999923706055,16.580000000000002,16.719999313354492,complete pause,complete pause,7.32,9.26,"My name's Ren Nakashima, address is 1754 Bay Court, Dover, Delaware, 19904."
afterthought_d4bd3ea37ca0f56e,assemblyai:min_latency,3.4690001010894775,15.98,16.030000686645508,complete pause,complete pause,3.08,3.88,"It's N-A-S-S-O-U-R, Nassour."
afterthought_db18402e6dc04014,assemblyai:min_latency,5.863999843597412,18.0,18.15999984741211,complete pause,complete pause,5.16,6.98,"Yes, I would like to renew my commercial driver's licence endorsement, please, before it expires next month."
afterthought_e26c582e7ccad464,assemblyai:min_latency,6.296999931335449,5.4,5.519999980926514,at turn end,at turn end,,,
afterthought_e4c993ec4c35fa3f,assemblyai:min_latency,11.164999961853027,10.58,10.65999984741211,at turn end,at turn end,,,
backchannel_03d7c65439adc9f3,assemblyai:min_latency,1.8650000095367432,22.02,22.15999984741211,complete pause,complete pause,1.28,5.1000000000000005,"Alright, hold on."
backchannel_313ce8afc6c51a5d,assemblyai:min_latency,2.065000057220459,24.080000000000002,24.15999984741211,complete pause,complete pause,1.54,5.76,"Well, howdy there."
backchannel_32242efca4b420c8,assemblyai:min_latency,2.1510000228881836,15.48,15.640000343322754,complete pause,complete pause,1.44,4.6000000000000005,"Okay, hold on a second."
backchannel_514e1eb5e85d43b3,assemblyai:min_latency,1.965000033378601,12.6,12.720000267028809,complete pause,complete pause,1.58,2.52,"Um, let me think."
backchannel_68ec52fb3f0fba9e,assemblyai:min_latency,1.8669999837875366,14.3,14.479999542236328,complete pause,complete pause,1.54,3.2,"Yes, thank you for asking."
backchannel_80ac020cdce208d6,assemblyai:min_latency,2.365999937057495,20.36,20.479999542236328,complete pause,complete pause,1.94,5.2,"Yes, hold on a second."
backchannel_83855b7e46498723,assemblyai:min_latency,2.265000104904175,14.22,14.399999618530273,complete pause,complete pause,1.84,4.0200000000000005,"Yes, one moment please."
backchannel_8779da1120ab5a49,assemblyai:min_latency,0.8650000095367432,10.620000000000001,10.800000190734863,during speech,within-chunk pause,0.48,0.8,
backchannel_9d606119130a61ca,assemblyai:min_latency,1.465000033378601,11.72,11.760000228881836,complete pause,complete pause,0.9400000000000001,4.66,Hold on a second.
backchannel_a530853bee87e63d,assemblyai:min_latency,1.3669999837875366,8.1,8.239999771118164,complete pause,complete pause,0.9,2.94,Hold on.
backchannel_b803eb10e079d109,assemblyai:min_latency,1.7649999856948853,13.16,13.279999732971191,complete pause,complete pause,1.1,4.48,"Um, let me think."
digit_groups_2aea06808947db5b,assemblyai:min_latency,4.565000057220459,6.38,6.420000076293945,mid-sentence pause,mid-sentence pause,4.2,5.0,Charge was
digit_groups_718268039e945b93,assemblyai:min_latency,4.565000057220459,10.38,10.510000228881836,complete pause,complete pause,3.92,4.72,"Not now, sweetie."
digit_groups_7e515da4242f9361,assemblyai:min_latency,5.767000198364258,22.18,22.399999618530273,complete pause,complete pause,5.3,6.42,"oh well, i'm doing alright, knees are giving me some trouble with this cold snap coming in."
digit_groups_89722df7e6fed501,assemblyai:min_latency,1.965000033378601,18.64,18.68000030517578,mid-sentence pause,mid-sentence pause,1.6600000000000001,5.32,"Um, sorry, yes,"
digit_groups_8d0eb0aab9e7add1,assemblyai:min_latency,2.6640000343322754,10.82,10.90999984741211,complete pause,complete pause,2.2600000000000002,3.34,"Oh sure, let me find that for you."
digit_groups_929f4ff301514508,assemblyai:min_latency,1.8660000562667847,15.44,15.680000305175781,mid-sentence pause,mid-sentence pause,1.32,3.56,"Oh, yes, let"
digit_groups_cf24c307b9c7b6bd,assemblyai:min_latency,1.3680000305175781,7.86,8.15999984741211,complete pause,complete pause,0.9400000000000001,3.64,Order number.
digit_groups_d36e63d6d403e31d,assemblyai:min_latency,6.764999866485596,18.3,18.559999465942383,complete pause,complete pause,6.3,6.96,"Hey there, this is Stanislaw Skrzypczak, S-K-R-Z-Y-P-C-Z-A-K, yep it's a mouthful!"
digit_groups_fe4a6bd28c7c4071,assemblyai:min_latency,3.1050000190734863,12.98,13.239999771118164,complete pause,complete pause,2.16,4.44,"Yes, my phone number is 585."
elaboration_0a476bac5400396d,assemblyai:min_latency,1.8680000305175781,14.42,14.520000457763672,complete pause,complete pause,1.5,4.34,Don't know the exact date.
elaboration_0f65b567fde8614f,assemblyai:min_latency,4.767000198364258,11.68,11.779999732971191,complete pause,complete pause,4.22,5.62,I would like to schedule an appointment to renew my commercial driver's licence endorsement.
elaboration_144b35a523a2a778,assemblyai:min_latency,1.9639999866485596,14.780000000000001,14.960000038146973,complete pause,complete pause,1.48,4.48,"Okay, um, thank you."
elaboration_166aa01f1e489e6c,assemblyai:min_latency,5.441999912261963,12.82,12.979999542236328,complete pause,complete pause,4.64,5.74,Order number's 2171-8834.
elaboration_47ee6422cff2a5af,assemblyai:min_latency,5.186999797821045,21.2,21.559999465942383,complete pause,complete pause,4.28,7.0600000000000005,"Oh sure, my card is on file there, the last four digits are four three three two."
elaboration_4da8628cc0e7e8b0,assemblyai:min_latency,8.963000297546387,18.62,18.719999313354492,complete pause,complete pause,8.5,9.06,"Sorry, hold on- no, honey, don't touch that, wait a sec."
elaboration_5309c5360b995862,assemblyai:min_latency,4.296999931335449,14.48,14.640000343322754,complete pause,complete pause,3.44,6.08,It's CL-96201738.
elaboration_5f178f2f7e08a5e6,assemblyai:min_latency,3.765000104904175,18.3,18.399999618530273,complete pause,complete pause,3.36,6.3,"Hi, I need to file a shipping damage claim, please."
elaboration_61257cb6fcf957fe,assemblyai:min_latency,5.258999824523926,17.98,18.059999465942383,complete pause,complete pause,4.4,5.66,"My last name is Chidjian, spelled C-H-I-D-J-I-A-N."
elaboration_8025215d7dcb0682,assemblyai:min_latency,7.190999984741211,19.3,19.360000610351562,complete pause,complete pause,6.34,8.9,"Yes, of course, the confirmation code is D-X-1-4-6-8-R-2."
elaboration_a4a94e60a893d1c2,assemblyai:min_latency,4.23799991607666,9.620000000000001,9.800000190734863,complete pause,complete pause,3.36,6.96,Address is 1796 Vine Street.
elaboration_d0758023c5b497bc,assemblyai:min_latency,5.992000102996826,11.4,11.479999542236328,complete pause,complete pause,5.1000000000000005,6.54,Policy number is RG-7809-4412.
elaboration_e796e7bf9b8de8c3,assemblyai:min_latency,3.0460000038146973,17.400000000000002,17.5,within-chunk pause,within-chunk pause,2.2600000000000002,3.54,
elaboration_e937d8e707d941c2,assemblyai:min_latency,2.9639999866485596,9.72,9.720000267028809,complete pause,complete pause,2.48,5.0,"Well, I'd like to add my grandson to the policy."
elaboration_f93c6d67e54688e1,assemblyai:min_latency,10.765999794006348,17.400000000000002,17.479999542236328,complete pause,complete pause,10.26,11.200000000000001,I'd like to dispute a data overage charge of thirty seven dollars and thirty six cents on my latest bill.
multi_request_02838a4f1cd8efe9,assemblyai:min_latency,5.28000020980835,16.8,17.15999984741211,complete pause,complete pause,4.48,6.28,Order number's ORD-82160-F.
multi_request_07765074176fda31,assemblyai:min_latency,3.86899995803833,18.68,18.719999313354492,complete pause,complete pause,2.96,6.58,"Yes, my card ending is one seven six nine."
multi_request_07e8fcfd8b3b5da9,assemblyai:min_latency,6.046999931335449,23.740000000000002,23.84000015258789,complete pause,complete pause,5.04,8.26,"It's R7K1503X, R7K, one five zero three X."
multi_request_10358ab811a07023,assemblyai:min_latency,3.253000020980835,14.1,14.239999771118164,complete pause,complete pause,2.44,5.62,It's 8T582FQ2.
multi_request_26a164326dd4e4e9,assemblyai:min_latency,6.283999919891357,19.36,19.440000534057617,complete pause,complete pause,5.4,8.46,My order number is OD-0137-5589.
multi_request_3486220e1cf6f0e6,assemblyai:min_latency,15.765000343322754,15.34,15.399999618530273,at turn end,at turn end,,,
multi_request_358e94ca2777a819,assemblyai:min_latency,7.366000175476074,13.5,13.710000038146973,complete pause,complete pause,6.88,7.8,I need to know why tracking hasn't moved in eleven days.
multi_request_38609458afd4348f,assemblyai:min_latency,6.51800012588501,19.96,20.1200008392334,complete pause,complete pause,5.64,6.8,"Alrighty, my policy number is HOP-6039-WY."
multi_request_4300fd8617038c4d,assemblyai:min_latency,7.931000232696533,20.54,20.639999389648438,complete pause,complete pause,7.0600000000000005,9.56,"Account's 2920-4471, appointment's the 14th at 2:20 with Kapoor."
multi_request_4440340207cd92a4,assemblyai:min_latency,5.9679999351501465,21.62,21.799999237060547,complete pause,complete pause,5.5600000000000005,7.38,Okay yeah so my bill this month is eighteen hundred dollars and fourteen cents which is insane.
multi_request_514ecabaf8752671,assemblyai:min_latency,5.163000106811523,24.22,24.239999771118164,complete pause,complete pause,4.72,8.2,"Yeah it's W5318K2, that's the order confirmation code."
multi_request_5477fc457b1b2123,assemblyai:min_latency,6.065000057220459,27.12,27.280000686645508,complete pause,complete pause,5.54,9.34,I would like to formally dispute a data overage charge of sixty two dollars and twenty nine cents on my latest bill.
multi_request_56a038ebf6f85567,assemblyai:min_latency,4.785999774932861,21.52,21.559999465942383,complete pause,complete pause,3.92,6.46,"Oh, thank you, my date of birth is March 5, 1946."
multi_request_5b39ad6fed5155e5,assemblyai:min_latency,5.6519999504089355,12.84,12.920000076293945,during speech,complete pause,4.64,5.5600000000000005,"I need the duplicate charge reversed, that's two hundred dollars and twenty three cents."
multi_request_761de59d6e9a0594,assemblyai:min_latency,1.065000057220459,10.66,10.779999732971191,complete pause,complete pause,0.64,1.54,Okay.
multi_request_7a10de7696caa068,assemblyai:min_latency,4.0329999923706055,13.24,13.5600004196167,complete pause,complete pause,3.06,4.92,Order number ends in 0432.
multi_request_7c87bfb11549fbf3,assemblyai:min_latency,14.670000076293945,14.08,14.199999809265137,at turn end,at turn end,,,
multi_request_9d247b220d911f2a,assemblyai:min_latency,6.910999774932861,15.76,15.800000190734863,complete pause,complete pause,5.96,7.04,"My name is Pacheco-Quiroz, P-A-C-H-E-C-O, hyphen, Q-U-I-R-O-Z."
multi_request_b99609221e61f9c3,assemblyai:min_latency,8.166999816894531,11.78,11.9399995803833,during speech,complete pause,7.6000000000000005,8.1,I also need to change my flight because my shift got moved.
multi_request_c802585d8a446d1e,assemblyai:min_latency,4.416999816894531,13.9,14.039999961853027,complete pause,complete pause,3.56,4.98,"Yes, my patient ID is 2159."
multi_request_d149aeeda201f23c,assemblyai:min_latency,5.583000183105469,17.72,17.719999313354492,complete pause,complete pause,4.76,5.94,Okay so my policy number is W P dash seventy one eighty five dash C A.
multi_request_f207e51d665fab54,assemblyai:min_latency,4.864999771118164,20.68,20.719999313354492,complete pause,complete pause,4.42,7.8,"Good day, I am calling regarding my upcoming follow-up appointment with Dr. Simmons."
partial_entity_1fda22fff766378f,assemblyai:min_latency,2.765000104904175,14.16,14.15999984741211,complete pause,complete pause,2.22,3.72,This is the third time I'm calling about this.
partial_entity_f530d099d8e9ea00,assemblyai:min_latency,4.466000080108643,14.86,15.0,complete pause,complete pause,3.7800000000000002,6.3,"Sure thing, it's a burst pipe emergency, not my phone skills, though those are questionable too."
question_then_context_51c348f4cb94efc7,assemblyai:min_latency,2.6659998893737793,7.140000000000001,7.239999771118164,complete pause,complete pause,2.24,4.76,Can you exchange it instead of a refund.
question_then_context_85ac766f0f99609f,assemblyai:min_latency,1.2649999856948853,10.8,10.84000015258789,during speech,within-chunk pause,0.96,1.26,
question_then_context_8d33550d5c759a31,assemblyai:min_latency,19.865999221801758,19.14,19.219999313354492,at turn end,at turn end,,,
question_then_context_d5cf226545b4656f,assemblyai:min_latency,10.918999671936035,9.98,10.09000015258789,at turn end,at turn end,,,
repair_5ff2b83bdb6194ff,assemblyai:min_latency,1.065000057220459,7.46,7.599999904632568,within-chunk pause,within-chunk pause,0.74,1.28,
repair_673caabda7753d94,assemblyai:min_latency,6.447999954223633,16.0,16.040000915527344,complete pause,complete pause,5.4,8.9,"Hi, yes, I need to get a refund - actually wait, can you first just pull up my order from March 5th?"
repair_68c04a8b21eec19f,assemblyai:min_latency,6.765999794006348,16.78,17.0,complete pause,complete pause,6.34,9.72,Yeah so I want to dispute the charge from - actually can you just pull up my account with the reference code first?
repair_8f454b666fd505d7,assemblyai:min_latency,4.366000175476074,9.1,9.239999771118164,complete pause,complete pause,3.7800000000000002,6.5,"Card ending in 96 - hang on, KAYLEE quiet down!"
repair_a7087e42bc27f7a7,assemblyai:min_latency,7.067999839782715,9.76,9.770000457763672,during speech,complete pause,6.5,7.04,"My address is 6714 Merrimack Street, Apart- actually, let me give you my licence number first."
repair_b3fb44b0b6df8ca3,assemblyai:min_latency,10.694000244140625,9.84,9.84000015258789,at turn end,at turn end,,,
repair_b80e8fb370625286,assemblyai:min_latency,1.9639999866485596,6.12,6.159999847412109,within-chunk pause,within-chunk pause,1.6,2.22,
repair_e32aa295aaee9673,assemblyai:min_latency,2.138000011444092,15.72,15.920000076293945,mid-sentence pause,mid-sentence pause,1.12,4.0600000000000005,"Uh, yeah, it's"
repair_f8b304971011cb12,assemblyai:min_latency,7.626999855041504,11.18,11.380000114440918,complete pause,complete pause,6.68,8.08,"It's D2154K - actually, wait, can you first tell me if the two fifteen connection still even exists on Thursday?"
self_correction_34e0e5331a9e2991,assemblyai:min_latency,2.566999912261963,18.78,19.040000915527344,complete pause,complete pause,2.1,3.08,"Oh sure, let me get that for you, hold on."
self_correction_3e6c16bdfd132391,assemblyai:min_latency,3.2360000610351562,17.2,17.360000610351562,complete pause,complete pause,2.42,6.04,"Yeah, the card ending in 4504."
self_correction_460a6b4f8a4fd686,assemblyai:min_latency,6.566999912261963,21.46,21.459999084472656,complete pause,complete pause,6.12,6.82,"Sure thing, it's confirmation AX7528Q, like a secret spy code."
self_correction_496725a909b408b4,assemblyai:min_latency,8.684000015258789,19.26,19.31999969482422,complete pause,complete pause,7.66,8.94,"Okay great thank you, so my order number is 7318-4492 and it came in on August 7th."
self_correction_61979500519812e9,assemblyai:min_latency,7.767000198364258,11.700000000000001,11.899999618530273,mid-sentence pause,mid-sentence pause,7.4,8.24,The claim was filed on the
self_correction_77cac1ae9cc97eec,assemblyai:min_latency,1.7660000324249268,14.06,14.15999984741211,complete pause,complete pause,1.44,3.92,"Okay, um, thank you."
self_correction_932283ddc2a57804,assemblyai:min_latency,6.452000141143799,16.46,16.559999465942383,complete pause,complete pause,5.36,7.96,"My case number is 1756, I reported this outage on March 17th."
self_correction_ab5ab3afd8e7e435,assemblyai:min_latency,4.538000106811523,24.32,24.31999969482422,complete pause,complete pause,3.7600000000000002,5.58,"Yeah, it's F-H, dash, five-four... five-seven-three."
self_correction_b7fb5d2ab95d794d,assemblyai:min_latency,3.265000104904175,26.04,26.079999923706055,mid-sentence pause,mid-sentence pause,2.82,5.46,"Whew, it is hot out here today, my cows have"
self_correction_bc298977875995d0,assemblyai:min_latency,2.765000104904175,16.12,16.219999313354492,complete pause,complete pause,2.32,3.7600000000000002,"Okay, thank you, I appreciate that."
self_correction_ca9cf55fb010c1a5,assemblyai:min_latency,0.9649999737739563,6.78,6.920000076293945,complete pause,complete pause,0.56,1.72,Fine.
self_correction_cae6662cda5dd203,assemblyai:min_latency,9.182000160217285,32.94,33.0,complete pause,complete pause,8.2,11.94,"Yeah it's permit EP-3610-22, job site's 3610 Barrancas Avenue in Pensacola."
self_correction_eca782cfe44af90d,assemblyai:min_latency,6.46999979019165,19.5,19.68000030517578,complete pause,complete pause,5.6000000000000005,6.48,"Okay so my flight landed three days ago, it was flight HAT7888."
short_confirmation_1ab947b9ef24006a,assemblyai:min_latency,4.341000080108643,3.5,3.5199999809265137,at turn end,at turn end,,,
short_confirmation_3a74fd7b7731fc0d,assemblyai:min_latency,2.1649999618530273,1.74,1.840000033378601,at turn end,at turn end,,,
short_confirmation_3bc2a556319163f1,assemblyai:min_latency,1.3650000095367432,0.78,1.0399999618530273,at turn end,at turn end,,,
short_confirmation_3fd1631ef3fc58ea,assemblyai:min_latency,1.6660000085830688,1.1,1.2799999713897705,at turn end,at turn end,,,
short_confirmation_55f10ad688dc83c9,assemblyai:min_latency,2.1679999828338623,1.8,1.9199999570846558,at turn end,at turn end,,,
short_confirmation_61de1f7a8dd9169b,assemblyai:min_latency,4.329999923706055,3.4,3.5999999046325684,at turn end,at turn end,,,
short_confirmation_694d9b051d58ba28,assemblyai:min_latency,2.065000057220459,1.68,1.9199999570846558,at turn end,at turn end,,,
short_confirmation_8bc57dfdc545cf57,assemblyai:min_latency,5.571000099182129,4.66,4.880000114440918,at turn end,at turn end,,,
short_confirmation_a5da3a5208745e03,assemblyai:min_latency,1.2669999599456787,4.28,4.409999847412109,mid-sentence pause,mid-sentence pause,0.86,1.48,"Yeah, that's the"
short_confirmation_a8995fb87ecf0ae1,assemblyai:min_latency,2.1649999618530273,1.72,2.0,at turn end,at turn end,,,
short_confirmation_b6ed8db99395206e,assemblyai:min_latency,1.3650000095367432,3.98,4.28000020980835,mid-sentence pause,mid-sentence pause,0.88,3.14,"Okay, thank"
short_confirmation_d37cd36ecb2c7ebb,assemblyai:min_latency,5.364999771118164,4.94,5.039999961853027,at turn end,at turn end,,,
short_confirmation_d386c2f9eea1e23a,assemblyai:min_latency,1.4670000076293945,1.06,1.3600000143051147,at turn end,at turn end,,,
short_confirmation_dc00050fa2fe7214,assemblyai:min_latency,4.672999858856201,3.8000000000000003,3.8399999141693115,at turn end,at turn end,,,
short_confirmation_f60b370ce0253269,assemblyai:min_latency,2.1640000343322754,1.86,2.0799999237060547,at turn end,at turn end,,,
short_question_0ce6a166d2abe0c5,assemblyai:min_latency,1.3650000095367432,4.0,4.28000020980835,mid-sentence pause,mid-sentence pause,0.84,3.5,Why'd it go
short_question_242768038719905b,assemblyai:min_latency,1.6649999618530273,1.2,1.440000057220459,at turn end,at turn end,,,
short_question_33f83f62646a012f,assemblyai:min_latency,1.8669999837875366,1.56,1.600000023841858,at turn end,at turn end,,,
short_question_5cb5fd0cf91b7070,assemblyai:min_latency,1.6649999618530273,1.24,1.3600000143051147,at turn end,at turn end,,,
short_question_611fb8bd4a359011,assemblyai:min_latency,2.367000102996826,1.8800000000000001,1.9199999570846558,at turn end,at turn end,,,
short_question_a20bc07e1f956f44,assemblyai:min_latency,1.965999960899353,1.54,1.840000033378601,at turn end,at turn end,,,
short_question_c2680fb0bed93641,assemblyai:min_latency,1.6649999618530273,3.8200000000000003,4.090000152587891,mid-sentence pause,mid-sentence pause,1.18,2.36,What's my
short_question_d7ad3f776b02a62b,assemblyai:min_latency,5.160999774932861,4.3,4.400000095367432,at turn end,at turn end,,,
single_request_0cccbb6cf1787be3,assemblyai:min_latency,7.863999843597412,6.78,6.960000038146973,at turn end,at turn end,,,
single_request_29d57d85169f964c,assemblyai:min_latency,7.566999912261963,7.0600000000000005,7.119999885559082,at turn end,at turn end,,,
single_request_474c7d879ab5f8ad,assemblyai:min_latency,6.565000057220459,6.08,6.159999847412109,at turn end,at turn end,,,
single_request_ed076f68bf5cd561,assemblyai:min_latency,8.762999534606934,8.34,8.489999771118164,at turn end,at turn end,,,
spell_out_00bdcf59421d53b4,assemblyai:min_latency,2.765000104904175,11.92,11.979999542236328,complete pause,complete pause,2.4,3.64,"Thank you, I appreciate that update."
spell_out_0709e091d8f71395,assemblyai:min_latency,7.21999979019165,14.56,14.699999809265137,during speech,complete pause,6.24,7.18,"Sure thing, my order number is O-R-D-dash-3260847."
spell_out_0cc09c590164143c,assemblyai:min_latency,8.468000411987305,16.0,16.1200008392334,complete pause,complete pause,8.08,9.42,"Okay yeah it's my claim number for the outage thing, CLM-56347-VQ, that's the one they gave me when the tech came out."
spell_out_1008abf783e671c5,assemblyai:min_latency,7.065000057220459,15.9,16.079999923706055,complete pause,complete pause,6.68,8.540000000000001,"Okay good, now I need to get my last name spelled right in the system too so there's no mix up when I call back."
spell_out_10f7e8f502d93d02,assemblyai:min_latency,4.455999851226807,13.040000000000001,13.260000228881836,complete pause,complete pause,3.62,4.68,It's account number 4471235818.
spell_out_1b53ce7234b63be5,assemblyai:min_latency,9.267999649047852,27.060000000000002,27.239999771118164,complete pause,complete pause,8.84,12.200000000000001,"Yeah hi so my order number is ORD-8593214, I'm moving out the 8th of next month and need the meter read and final bill set up."
spell_out_30fd2d95716e6fa6,assemblyai:min_latency,10.270000457763672,22.86,23.040000915527344,complete pause,complete pause,9.72,10.72,"That's the exact number, please do not round or misread any of the digits."
spell_out_598b769224634912,assemblyai:min_latency,7.0929999351501465,12.700000000000001,12.920000076293945,complete pause,complete pause,6.22,7.28,Policy number's 730425071183.
spell_out_5c03a17abcb46dd7,assemblyai:min_latency,2.865000009536743,13.26,13.4399995803833,complete pause,complete pause,2.38,5.44,This is my third call about this.
spell_out_b0318c57a03f1d79,assemblyai:min_latency,2.263000011444092,14.120000000000001,14.119999885559082,complete pause,complete pause,1.78,3.94,"Oh sure, let me think here."
spell_out_b868a11b8bc519eb,assemblyai:min_latency,3.7880001068115234,17.14,17.31999969482422,complete pause,complete pause,2.96,6.28,My account number ends in one-four-four-eight.
spell_out_e4b42eadde069f22,assemblyai:min_latency,0.8629999756813049,12.16,12.319999694824219,complete pause,complete pause,0.38,3.72,Good.
trailing_entity_119922b241e7072a,assemblyai:min_latency,7.867000102996826,15.72,15.800000190734863,mid-sentence pause,mid-sentence pause,7.28,7.88,"My crew just got called out to a job site that whole week, so that date's"
trailing_entity_1507736bc809312c,assemblyai:min_latency,3.6630001068115234,20.44,20.440000534057617,complete pause,complete pause,3.1,6.5,"I need to exchange a jacket, wrong size."
trailing_entity_1b9c03bcc52b9a49,assemblyai:min_latency,2.063999891281128,14.22,14.239999771118164,complete pause,complete pause,1.72,4.92,It's my Premier Checking account.
trailing_entity_1bf1a0a48e0f31be,assemblyai:min_latency,1.7649999856948853,13.34,13.4399995803833,complete pause,complete pause,1.12,3.7,"Yes, I have that here."
trailing_entity_2340401d28ccb160,assemblyai:min_latency,1.3639999628067017,27.66,27.920000076293945,within-chunk pause,within-chunk pause,0.9,1.58,
trailing_entity_255a616bd73d2d21,assemblyai:min_latency,3.4679999351501465,16.9,17.0,complete pause,complete pause,3.04,4.18,"Certainly, I can provide both pieces of information."
trailing_entity_27d3aac324283930,assemblyai:min_latency,6.372000217437744,25.54,25.639999389648438,complete pause,complete pause,5.5200000000000005,8.66,"Whew, it is sticky out there today, real thick air, my cows have been ornery about going out in it."
trailing_entity_324c5bd25a82465a,assemblyai:min_latency,1.2649999856948853,16.18,16.360000610351562,complete pause,complete pause,0.86,3.18,"Alright, good."
trailing_entity_39100397932de390,assemblyai:min_latency,1.5640000104904175,14.1,14.199999809265137,complete pause,complete pause,1.12,3.14,Okay good.
trailing_entity_3c46cddcc7e5c853,assemblyai:min_latency,5.175000190734863,26.32,26.440000534057617,complete pause,complete pause,4.72,8.42,"Oh boy, it is sticky out here today, that Gulfport humidity just sits on you like a wet towel."
trailing_entity_3e920a01cb91f82c,assemblyai:min_latency,3.2669999599456787,25.68,25.920000076293945,complete pause,complete pause,3.02,6.28,"Oh, thank you so much, I really appreciate that."
trailing_entity_41ad6cb712da543a,assemblyai:min_latency,3.6989998817443848,16.240000000000002,16.440000534057617,complete pause,complete pause,2.7800000000000002,4.58,Flight's AA6545.
trailing_entity_527c37a869c32e86,assemblyai:min_latency,3.7360000610351562,14.0,14.279999732971191,complete pause,complete pause,2.92,4.66,Confirmation code is JT9666P.
trailing_entity_54421f888412646a,assemblyai:min_latency,3.265000104904175,19.88,20.079999923706055,complete pause,complete pause,2.7800000000000002,5.16,"Hold on, my grandson's got that TV up too loud."
trailing_entity_546d9f682ed5b742,assemblyai:min_latency,6.866000175476074,22.78,22.920000076293945,complete pause,complete pause,6.34,9.08,Okay good but I still need somebody to look into why my internet keeps dropping every single night right around milking time.
trailing_entity_596c033b24dcec98,assemblyai:min_latency,2.865000009536743,18.28,18.31999969482422,mid-sentence pause,mid-sentence pause,2.48,4.76,I need a replacement power adapter
trailing_entity_5a85f64e0feb954b,assemblyai:min_latency,6.665999889373779,11.02,11.15999984741211,during speech,complete pause,5.74,6.6000000000000005,right now.
trailing_entity_71c8ffdd3843cc0d,assemblyai:min_latency,5.164999961853027,8.78,9.079999923706055,complete pause,complete pause,4.48,5.5600000000000005,"I don't have my PIN memorized, but I can give you the account ending digits instead."
trailing_entity_7b7df52de6bac072,assemblyai:min_latency,2.065999984741211,15.9,16.1200008392334,complete pause,complete pause,1.72,4.82,"Oh, of course, dear, let me think a moment."
trailing_entity_8152cee6b7f38813,assemblyai:min_latency,2.566999912261963,10.5,10.720000267028809,complete pause,complete pause,2.12,4.82,"Yeah, it's about a charge on my bill."
trailing_entity_892cb2dc5e988a99,assemblyai:min_latency,2.9649999141693115,20.92,20.920000076293945,complete pause,complete pause,2.54,4.42,"Oh, well thank you for looking into that for me."
trailing_entity_940cb650be622303,assemblyai:min_latency,2.4649999141693115,18.04,18.1200008392334,complete pause,complete pause,2.02,4.48,"Okay, um, thank you so much."
trailing_entity_94b107c81ff29493,assemblyai:min_latency,1.465999960899353,19.98,20.1200008392334,complete pause,complete pause,1.06,3.72,Good afternoon.
trailing_entity_a9ef2ffe10d56208,assemblyai:min_latency,5.078999996185303,24.46,24.6200008392334,complete pause,complete pause,4.7,6.18,"I appreciate that, but I still need this overage charge corrected on my account."
trailing_entity_b03586eb0f9cb00d,assemblyai:min_latency,6.065999984741211,22.8,22.959999084472656,mid-sentence pause,mid-sentence pause,5.5,7.0,"Well, my first flight's running late, so my layover in Cleveland is looking tighter than my work boots"
trailing_entity_b6910e71d333cd96,assemblyai:min_latency,2.365999937057495,15.120000000000001,15.199999809265137,complete pause,complete pause,1.9000000000000001,4.4,"Oh, okay, yeah, I have that right here."
trailing_entity_b7c423d5ec105680,assemblyai:min_latency,2.6419999599456787,14.280000000000001,14.279999732971191,complete pause,complete pause,1.86,4.36,It's a Dell Inspiron 15.
trailing_entity_c0a3e69fe2aaae7d,assemblyai:min_latency,5.864999771118164,15.38,15.390000343322754,complete pause,complete pause,5.12,6.1000000000000005,"Yes, thank you, I would like to... how do you say... reschedule my appointment with Dr. Osei."
trailing_entity_d1be0268d12f698b,assemblyai:min_latency,2.634000062942505,9.88,10.020000457763672,during speech,complete pause,1.74,2.5,It's on Vassar Street in Reno.
trailing_entity_ec33b16ae036e7c0,assemblyai:min_latency,4.263999938964844,18.96,19.040000915527344,mid-sentence pause,mid-sentence pause,3.92,5.5600000000000005,"Look, I need this refund processed right now, my order came missing"
trailing_entity_f3e4d6e0deab25f1,assemblyai:min_latency,2.9630000591278076,9.72,9.800000190734863,complete pause,complete pause,2.54,3.66,I already gave you my account info online.
trailing_entity_f69d9c6c4e3cecab,assemblyai:min_latency,2.371999979019165,21.88,21.959999084472656,complete pause,complete pause,2.06,4.1,"Oh, thank you for looking into that."
trails_off_06745c53e5361286,assemblyai:min_latency,1.2640000581741333,21.68,21.709999084472656,during speech,within-chunk pause,0.98,1.22,
trails_off_09ff46fc461766f1,assemblyai:min_latency,3.568000078201294,21.42,21.420000076293945,complete pause,complete pause,3.06,4.16,"Alright, thanks for confirming, appreciate that, boss."
trails_off_0a79f4abc1f2f7d5,assemblyai:min_latency,3.36299991607666,12.36,12.640000343322754,complete pause,complete pause,2.98,6.46,I need to pay my overdue water and energy bill.
trails_off_1125f1f1f88cda73,assemblyai:min_latency,4.665999889373779,20.46,20.479999542236328,complete pause,complete pause,4.18,7.5600000000000005,"Thank you, but I would like to confirm the exact amount one more time, please."
trails_off_147bc005838fa2c4,assemblyai:min_latency,1.5670000314712524,20.240000000000002,20.440000534057617,complete pause,complete pause,1.2,2.06,"Okay, thank you."
trails_off_19f9fbeef321aab3,assemblyai:min_latency,1.4639999866485596,15.780000000000001,15.920000076293945,complete pause,complete pause,1.04,2.7600000000000002,"Okay, good, thanks."
trails_off_1b458742bc038091,assemblyai:min_latency,2.6640000343322754,13.32,13.420000076293945,mid-sentence pause,mid-sentence pause,2.2600000000000002,3.52,"Okay, um, the charge was on"
trails_off_1d5a1152a4791fd0,assemblyai:min_latency,9.668000221252441,13.6,13.619999885559082,within-chunk pause,within-chunk pause,9.200000000000001,10.24,
trails_off_1d6d7c49b5eb1197,assemblyai:min_latency,4.565000057220459,10.200000000000001,10.239999771118164,complete pause,complete pause,3.58,5.5600000000000005,"Hey, so my patient ID is 9217A."
trails_off_200d7db279bd0d8f,assemblyai:min_latency,2.9730000495910645,14.1,14.220000267028809,complete pause,complete pause,2.54,3.72,"Oh, um, sure, sorry, let me find it."
trails_off_290744e1b1ba88c8,assemblyai:min_latency,3.367000102996826,23.16,23.15999984741211,complete pause,complete pause,3.0,4.96,"Good day, this is Nabil Osseiran calling."
trails_off_2f02c322131e5dba,assemblyai:min_latency,3.6549999713897705,14.08,14.15999984741211,complete pause,complete pause,2.82,6.36,"Sure, it's T4X9570."
trails_off_72d0a1088d6f9467,assemblyai:min_latency,4.061999797821045,12.9,13.079999923706055,complete pause,complete pause,3.2800000000000002,4.64,Yeah so the card ending is 8-8-8-9.
trails_off_8339fa09bf8a2261,assemblyai:min_latency,2.1649999618530273,16.66,16.719999313354492,complete pause,complete pause,1.7,3.22,"Oh, thank you very much."
trails_off_87a7f55f711fbc9d,assemblyai:min_latency,2.2660000324249268,22.84,22.920000076293945,complete pause,complete pause,1.8800000000000001,5.4,"Oh boy, okay, let me think."
trails_off_b28bd6cf79d8c5cd,assemblyai:min_latency,3.0399999618530273,7.58,7.619999885559082,during speech,complete pause,2.18,3.02,M6499XR.
trails_off_b6780c31a7b336c9,assemblyai:min_latency,4.4670000076293945,18.240000000000002,18.31999969482422,complete pause,complete pause,4.08,7.94,"It's HI-3791037, that's my renewal order number."
trails_off_ba0c1dc1c830e416,assemblyai:min_latency,5.577000141143799,22.78,22.84000015258789,complete pause,complete pause,4.98,6.72,"Oh, well, let me tell you about Biscuit first, he's a standard poodle I did up this morning, sweetest thing."
trails_off_c1106b9078452214,assemblyai:min_latency,2.6649999618530273,20.36,20.399999618530273,complete pause,complete pause,2.06,3.48,"Well, howdy there, thanks for pickin' up."
trails_off_c8408bfd7e5265ca,assemblyai:min_latency,3.367000102996826,12.92,12.920000076293945,mid-sentence pause,mid-sentence pause,2.94,5.0200000000000005,I want to exchange my espresso tamper for
trails_off_c8e23811aee9ad67,assemblyai:min_latency,6.065999984741211,17.080000000000002,17.1200008392334,complete pause,complete pause,5.64,7.2,"Hi, yes, I got a notice saying my water meter reading wasn't submitted this quarter, and I'm worried about a penalty."
trails_off_cb581f3f0c229bd5,assemblyai:min_latency,3.6649999618530273,21.86,22.0,complete pause,complete pause,3.18,4.84,"Well, aside from cracking a few electrical puns, I've got a couple of things."
trails_off_d3161f2c66b66ff1,assemblyai:min_latency,2.4670000076293945,23.78,23.920000076293945,complete pause,complete pause,2.1,4.78,"Oh, music to my ears, thank you so much!"
trails_off_ea9cc3f51ed4d510,assemblyai:min_latency,1.7640000581741333,19.44,19.559999465942383,complete pause,complete pause,1.3,3.46,"Okay great, thank you."
trails_off_f25b57aa5f000bca,assemblyai:min_latency,1.465999960899353,15.32,15.399999618530273,mid-sentence pause,mid-sentence pause,1.0,2.06,That's still
trails_off_f989343973a49594,assemblyai:min_latency,4.855999946594238,9.86,10.180000305175781,complete pause,complete pause,4.0200000000000005,5.0,My reference code is BZ3204XQ.
afterthought_09f9b16c52b7bac5,deepgram,7.626999855041504,23.580000000000002,23.68000030517578,complete pause,complete pause,7.0200000000000005,10.4,Hi yeah I need to exchange a wrist brace order GX-19356 medium for a small it's just too loose to type in all day.
afterthought_2bb910fb1ac10a7e,deepgram,5.323999881744385,16.14,16.280000686645508,complete pause,complete pause,4.32,5.44,"Sure thing, it's K, six-five-five-five, A-F, my almost-lucky number, ha!"
afterthought_2d855f8c93058c25,deepgram,2.127000093460083,14.52,14.619999885559082,mid-sentence pause,mid-sentence pause,1.36,2.5,"Hi, I need to"
afterthought_599805fdb153c3cd,deepgram,5.574999809265137,20.68,20.84000015258789,mid-sentence pause,mid-sentence pause,4.54,6.18,"I would like to dispute the overage charge on account number nine six seven two,"
afterthought_6221323053b26399,deepgram,7.823999881744385,18.68,18.739999771118164,complete pause,complete pause,7.5,8.38,"Yes, fine, it's 4598, and the charge was $445.98, hit twice on the same date."
afterthought_71fb343cb048d398,deepgram,5.974999904632568,31.580000000000002,31.719999313354492,mid-sentence pause,mid-sentence pause,4.8,8.28,"Good afternoon, this is regarding my appointment with Dr. Halvorsen scheduled for next"
afterthought_9d58a6ceed4629f4,deepgram,6.695000171661377,15.58,15.699999809265137,complete pause,complete pause,6.28,7.24,Kayode. K-A-Y-O-D-E. Account number 2478-6693.
afterthought_9e713c4cd936d7cb,deepgram,6.7769999504089355,19.36,19.520000457763672,complete pause,complete pause,5.78,7.98,"Oh, sure, it's order number 8662, um, 4471."
afterthought_bbde89918ab3eaa1,deepgram,7.465000152587891,18.38,18.559999465942383,complete pause,complete pause,6.2,8.84,My license number ends in 1042 and I need to move my October 4th appointment at the Ogden DMV.
afterthought_c2566d70674e1728,deepgram,8.057000160217285,20.240000000000002,20.239999771118164,complete pause,complete pause,6.86,9.42,"Well, I traded in my old sedan, dear, and I need to add the new car to my policy before the renewal goes through."
afterthought_c6b6c8cf44dae87f,deepgram,6.125999927520752,18.12,18.1200008392334,during speech,during speech,2.8000000000000003,2.9,
afterthought_c8d402ab2501e19a,deepgram,12.972999572753906,12.22,12.279999732971191,at turn end,at turn end,,,
afterthought_d0a8dd7d49e6b3a7,deepgram,5.077000141143799,22.44,22.59000015258789,during speech,mid-sentence pause,4.72,5.0600000000000005,"Okay, my checking account ends in 8626, and the charge was"
afterthought_d163f6ad6c39e54b,deepgram,8.418999671936035,16.580000000000002,16.719999313354492,complete pause,complete pause,7.32,9.26,"My name's Ren Nakashima, address is 1754 Bay Court, Dover, Delaware, 19904."
afterthought_d4bd3ea37ca0f56e,deepgram,3.871999979019165,15.98,16.030000686645508,complete pause,complete pause,3.08,3.88,"It's N-A-S-S-O-U-R, Nassour."
afterthought_db18402e6dc04014,deepgram,5.980000019073486,18.0,18.15999984741211,complete pause,complete pause,5.16,6.98,"Yes, I would like to renew my commercial driver's licence endorsement, please, before it expires next month."
afterthought_e26c582e7ccad464,deepgram,6.125999927520752,5.4,5.519999980926514,at turn end,at turn end,,,
afterthought_e4c993ec4c35fa3f,deepgram,6.926000118255615,10.58,10.65999984741211,complete pause,complete pause,6.38,6.96,"Oh, and I want to keep it in the morning, same as before."
backchannel_03d7c65439adc9f3,deepgram,1.8289999961853027,22.02,22.15999984741211,complete pause,complete pause,1.28,5.1000000000000005,"Alright, hold on."
backchannel_313ce8afc6c51a5d,deepgram,2.0920000076293945,24.080000000000002,24.15999984741211,complete pause,complete pause,1.54,5.76,"Well, howdy there."
backchannel_32242efca4b420c8,deepgram,1.8250000476837158,15.48,15.640000343322754,complete pause,complete pause,1.44,4.6000000000000005,"Okay, hold on a second."
backchannel_514e1eb5e85d43b3,deepgram,2.421999931335449,12.6,12.720000267028809,complete pause,complete pause,1.58,2.52,"Um, let me think."
backchannel_68ec52fb3f0fba9e,deepgram,2.4730000495910645,14.3,14.479999542236328,complete pause,complete pause,1.54,3.2,"Yes, thank you for asking."
backchannel_80ac020cdce208d6,deepgram,2.2119998931884766,20.36,20.479999542236328,complete pause,complete pause,1.94,5.2,"Yes, hold on a second."
backchannel_83855b7e46498723,deepgram,2.6760001182556152,14.22,14.399999618530273,complete pause,complete pause,1.84,4.0200000000000005,"Yes, one moment please."
backchannel_8779da1120ab5a49,deepgram,,10.620000000000001,10.800000190734863,never,never,,,
backchannel_9d606119130a61ca,deepgram,1.805999994277954,11.72,11.760000228881836,complete pause,complete pause,0.9400000000000001,4.66,Hold on a second.
backchannel_a530853bee87e63d,deepgram,1.468999981880188,8.1,8.239999771118164,complete pause,complete pause,0.9,2.94,Hold on.
backchannel_b803eb10e079d109,deepgram,2.065000057220459,13.16,13.279999732971191,complete pause,complete pause,1.1,4.48,"Um, let me think."
digit_groups_2aea06808947db5b,deepgram,7.584000110626221,6.38,6.420000076293945,at turn end,at turn end,,,
digit_groups_718268039e945b93,deepgram,11.670000076293945,10.38,10.510000228881836,at turn end,at turn end,,,
digit_groups_7e515da4242f9361,deepgram,6.315999984741211,22.18,22.399999618530273,complete pause,complete pause,5.3,6.42,"oh well, i'm doing alright, knees are giving me some trouble with this cold snap coming in."
digit_groups_89722df7e6fed501,deepgram,2.6510000228881836,18.64,18.68000030517578,mid-sentence pause,mid-sentence pause,1.6600000000000001,5.32,"Um, sorry, yes,"
digit_groups_8d0eb0aab9e7add1,deepgram,2.9709999561309814,10.82,10.90999984741211,complete pause,complete pause,2.2600000000000002,3.34,"Oh sure, let me find that for you."
digit_groups_929f4ff301514508,deepgram,1.975000023841858,15.44,15.680000305175781,mid-sentence pause,mid-sentence pause,1.32,3.56,"Oh, yes, let"
digit_groups_cf24c307b9c7b6bd,deepgram,1.2699999809265137,7.86,8.15999984741211,complete pause,complete pause,0.9400000000000001,3.64,Order number.
digit_groups_d36e63d6d403e31d,deepgram,6.775000095367432,18.3,18.559999465942383,complete pause,complete pause,6.3,6.96,"Hey there, this is Stanislaw Skrzypczak, S-K-R-Z-Y-P-C-Z-A-K, yep it's a mouthful!"
digit_groups_fe4a6bd28c7c4071,deepgram,2.674999952316284,12.98,13.239999771118164,complete pause,complete pause,2.16,4.44,"Yes, my phone number is 585."
elaboration_0a476bac5400396d,deepgram,3.115999937057495,14.42,14.520000457763672,complete pause,complete pause,1.5,4.34,Don't know the exact date.
elaboration_0f65b567fde8614f,deepgram,5.218999862670898,11.68,11.779999732971191,complete pause,complete pause,4.22,5.62,I would like to schedule an appointment to renew my commercial driver's licence endorsement.
elaboration_144b35a523a2a778,deepgram,2.0250000953674316,14.780000000000001,14.960000038146973,complete pause,complete pause,1.48,4.48,"Okay, um, thank you."
elaboration_166aa01f1e489e6c,deepgram,5.372000217437744,12.82,12.979999542236328,complete pause,complete pause,4.64,5.74,Order number's 2171-8834.
elaboration_47ee6422cff2a5af,deepgram,4.824999809265137,21.2,21.559999465942383,complete pause,complete pause,4.28,7.0600000000000005,"Oh sure, my card is on file there, the last four digits are four three three two."
elaboration_4da8628cc0e7e8b0,deepgram,19.41200065612793,18.62,18.719999313354492,at turn end,at turn end,,,
elaboration_5309c5360b995862,deepgram,4.021999835968018,14.48,14.640000343322754,complete pause,complete pause,3.44,6.08,It's CL-96201738.
elaboration_5f178f2f7e08a5e6,deepgram,4.01200008392334,18.3,18.399999618530273,complete pause,complete pause,3.36,6.3,"Hi, I need to file a shipping damage claim, please."
elaboration_61257cb6fcf957fe,deepgram,4.926000118255615,17.98,18.059999465942383,complete pause,complete pause,4.4,5.66,"My last name is Chidjian, spelled C-H-I-D-J-I-A-N."
elaboration_8025215d7dcb0682,deepgram,6.7170000076293945,19.3,19.360000610351562,complete pause,complete pause,6.34,8.9,"Yes, of course, the confirmation code is D-X-1-4-6-8-R-2."
elaboration_a4a94e60a893d1c2,deepgram,4.827000141143799,9.620000000000001,9.800000190734863,complete pause,complete pause,3.36,6.96,Address is 1796 Vine Street.
elaboration_d0758023c5b497bc,deepgram,5.452000141143799,11.4,11.479999542236328,complete pause,complete pause,5.1000000000000005,6.54,Policy number is RG-7809-4412.
elaboration_e796e7bf9b8de8c3,deepgram,5.875,17.400000000000002,17.5,mid-sentence pause,mid-sentence pause,5.24,6.640000000000001,"Yes, I want to report the... how you say... the meter"
elaboration_e937d8e707d941c2,deepgram,3.2249999046325684,9.72,9.720000267028809,complete pause,complete pause,2.48,5.0,"Well, I'd like to add my grandson to the policy."
elaboration_f93c6d67e54688e1,deepgram,18.891000747680664,17.400000000000002,17.479999542236328,at turn end,at turn end,,,
multi_request_02838a4f1cd8efe9,deepgram,4.827000141143799,16.8,17.15999984741211,complete pause,complete pause,4.48,6.28,Order number's ORD-82160-F.
multi_request_07765074176fda31,deepgram,4.015999794006348,18.68,18.719999313354492,complete pause,complete pause,2.96,6.58,"Yes, my card ending is one seven six nine."
multi_request_07e8fcfd8b3b5da9,deepgram,5.660999774932861,23.740000000000002,23.84000015258789,complete pause,complete pause,5.04,8.26,"It's R7K1503X, R7K, one five zero three X."
multi_request_10358ab811a07023,deepgram,3.2850000858306885,14.1,14.239999771118164,complete pause,complete pause,2.44,5.62,It's 8T582FQ2.
multi_request_26a164326dd4e4e9,deepgram,5.72599983215332,19.36,19.440000534057617,complete pause,complete pause,5.4,8.46,My order number is OD-0137-5589.
multi_request_3486220e1cf6f0e6,deepgram,3.2290000915527344,15.34,15.399999618530273,complete pause,complete pause,3.06,3.8000000000000003,Account number is 442087.
multi_request_358e94ca2777a819,deepgram,3.825000047683716,13.5,13.710000038146973,complete pause,complete pause,3.5,4.3,CJ-4856-7723.
multi_request_38609458afd4348f,deepgram,6.061999797821045,19.96,20.1200008392334,complete pause,complete pause,5.64,6.8,"Alrighty, my policy number is HOP-6039-WY."
multi_request_4300fd8617038c4d,deepgram,8.125,20.54,20.639999389648438,complete pause,complete pause,7.0600000000000005,9.56,"Account's 2920-4471, appointment's the 14th at 2:20 with Kapoor."
multi_request_4440340207cd92a4,deepgram,6.375999927520752,21.62,21.799999237060547,complete pause,complete pause,5.5600000000000005,7.38,Okay yeah so my bill this month is eighteen hundred dollars and fourteen cents which is insane.
multi_request_514ecabaf8752671,deepgram,5.620999813079834,24.22,24.239999771118164,complete pause,complete pause,4.72,8.2,"Yeah it's W5318K2, that's the order confirmation code."
multi_request_5477fc457b1b2123,deepgram,6.671000003814697,27.12,27.280000686645508,complete pause,complete pause,5.54,9.34,I would like to formally dispute a data overage charge of sixty two dollars and twenty nine cents on my latest bill.
multi_request_56a038ebf6f85567,deepgram,4.71999979019165,21.52,21.559999465942383,complete pause,complete pause,3.92,6.46,"Oh, thank you, my date of birth is March 5, 1946."
multi_request_5b39ad6fed5155e5,deepgram,5.072999954223633,12.84,12.920000076293945,complete pause,complete pause,4.64,5.5600000000000005,"I need the duplicate charge reversed, that's two hundred dollars and twenty three cents."
multi_request_761de59d6e9a0594,deepgram,1.2640000581741333,10.66,10.779999732971191,complete pause,complete pause,0.64,1.54,Okay.
multi_request_7a10de7696caa068,deepgram,3.8289999961853027,13.24,13.5600004196167,complete pause,complete pause,3.06,4.92,Order number ends in 0432.
multi_request_7c87bfb11549fbf3,deepgram,10.649999618530273,14.08,14.199999809265137,complete pause,complete pause,10.120000000000001,11.14,"Um, I also need to change my return date to the 12th instead of the 14th."
multi_request_9d247b220d911f2a,deepgram,6.86299991607666,15.76,15.800000190734863,complete pause,complete pause,5.96,7.04,"My name is Pacheco-Quiroz, P-A-C-H-E-C-O, hyphen, Q-U-I-R-O-Z."
multi_request_b99609221e61f9c3,deepgram,12.093999862670898,11.78,11.9399995803833,at turn end,at turn end,,,
multi_request_c802585d8a446d1e,deepgram,4.375,13.9,14.039999961853027,complete pause,complete pause,3.56,4.98,"Yes, my patient ID is 2159."
multi_request_d149aeeda201f23c,deepgram,5.827000141143799,17.72,17.719999313354492,complete pause,complete pause,4.76,5.94,Okay so my policy number is W P dash seventy one eighty five dash C A.
multi_request_f207e51d665fab54,deepgram,6.565999984741211,20.68,20.719999313354492,complete pause,complete pause,4.42,7.8,"Good day, I am calling regarding my upcoming follow-up appointment with Dr. Simmons."
partial_entity_1fda22fff766378f,deepgram,,14.16,14.15999984741211,never,never,,,
partial_entity_f530d099d8e9ea00,deepgram,4.7210001945495605,14.86,15.0,complete pause,complete pause,3.7800000000000002,6.3,"Sure thing, it's a burst pipe emergency, not my phone skills, though those are questionable too."
question_then_context_51c348f4cb94efc7,deepgram,2.4179999828338623,7.140000000000001,7.239999771118164,complete pause,complete pause,2.24,4.76,Can you exchange it instead of a refund.
question_then_context_85ac766f0f99609f,deepgram,4.420000076293945,10.8,10.84000015258789,complete pause,complete pause,3.7600000000000002,6.44,"Oh, um, could I please give you my confirmation code now?"
question_then_context_8d33550d5c759a31,deepgram,5.119999885559082,19.14,19.219999313354492,complete pause,complete pause,4.88,5.32,Can I go ahead and reschedule my physical therapy follow-up that's on the 14th at 2:15?
question_then_context_d5cf226545b4656f,deepgram,4.021999835968018,9.98,10.09000015258789,complete pause,complete pause,3.58,4.36,Could you tell me first whether I must return the defective unit before a replacement is sent?
repair_5ff2b83bdb6194ff,deepgram,7.666999816894531,7.46,7.599999904632568,at turn end,at turn end,,,
repair_673caabda7753d94,deepgram,5.876999855041504,16.0,16.040000915527344,complete pause,complete pause,5.4,8.9,"Hi, yes, I need to get a refund - actually wait, can you first just pull up my order from March 5th?"
repair_68c04a8b21eec19f,deepgram,6.671999931335449,16.78,17.0,complete pause,complete pause,6.34,9.72,Yeah so I want to dispute the charge from - actually can you just pull up my account with the reference code first?
repair_8f454b666fd505d7,deepgram,4.171999931335449,9.1,9.239999771118164,complete pause,complete pause,3.7800000000000002,6.5,"Card ending in 96 - hang on, KAYLEE quiet down!"
repair_a7087e42bc27f7a7,deepgram,10.970000267028809,9.76,9.770000457763672,at turn end,at turn end,,,
repair_b3fb44b0b6df8ca3,deepgram,10.652000427246094,9.84,9.84000015258789,at turn end,at turn end,,,
repair_b80e8fb370625286,deepgram,6.591000080108643,6.12,6.159999847412109,at turn end,at turn end,,,
repair_e32aa295aaee9673,deepgram,2.319999933242798,15.72,15.920000076293945,mid-sentence pause,mid-sentence pause,1.12,4.0600000000000005,"Uh, yeah, it's"
repair_f8b304971011cb12,deepgram,7.02400016784668,11.18,11.380000114440918,complete pause,complete pause,6.68,8.08,"It's D2154K - actually, wait, can you first tell me if the two fifteen connection still even exists on Thursday?"
self_correction_34e0e5331a9e2991,deepgram,2.6679999828338623,18.78,19.040000915527344,complete pause,complete pause,2.1,3.08,"Oh sure, let me get that for you, hold on."
self_correction_3e6c16bdfd132391,deepgram,2.9260001182556152,17.2,17.360000610351562,complete pause,complete pause,2.42,6.04,"Yeah, the card ending in 4504."
self_correction_460a6b4f8a4fd686,deepgram,6.572000026702881,21.46,21.459999084472656,complete pause,complete pause,6.12,6.82,"Sure thing, it's confirmation AX7528Q, like a secret spy code."
self_correction_496725a909b408b4,deepgram,8.067000389099121,19.26,19.31999969482422,complete pause,complete pause,7.66,8.94,"Okay great thank you, so my order number is 7318-4492 and it came in on August 7th."
self_correction_61979500519812e9,deepgram,6.125999927520752,11.700000000000001,11.899999618530273,complete pause,complete pause,5.34,6.2,"Yeah, my policy number is 627498215."
self_correction_77cac1ae9cc97eec,deepgram,2.2720000743865967,14.06,14.15999984741211,complete pause,complete pause,1.44,3.92,"Okay, um, thank you."
self_correction_932283ddc2a57804,deepgram,6.072000026702881,16.46,16.559999465942383,complete pause,complete pause,5.36,7.96,"My case number is 1756, I reported this outage on March 17th."
self_correction_ab5ab3afd8e7e435,deepgram,4.75,24.32,24.31999969482422,complete pause,complete pause,3.7600000000000002,5.58,"Yeah, it's F-H, dash, five-four... five-seven-three."
self_correction_b7fb5d2ab95d794d,deepgram,4.026000022888184,26.04,26.079999923706055,mid-sentence pause,mid-sentence pause,2.82,5.46,"Whew, it is hot out here today, my cows have"
self_correction_bc298977875995d0,deepgram,2.7149999141693115,16.12,16.219999313354492,complete pause,complete pause,2.32,3.7600000000000002,"Okay, thank you, I appreciate that."
self_correction_ca9cf55fb010c1a5,deepgram,1.2690000534057617,6.78,6.920000076293945,complete pause,complete pause,0.56,1.72,Fine.
self_correction_cae6662cda5dd203,deepgram,9.222000122070312,32.94,33.0,complete pause,complete pause,8.2,11.94,"Yeah it's permit EP-3610-22, job site's 3610 Barrancas Avenue in Pensacola."
self_correction_eca782cfe44af90d,deepgram,6.375999927520752,19.5,19.68000030517578,complete pause,complete pause,5.6000000000000005,6.48,"Okay so my flight landed three days ago, it was flight HAT7888."
short_confirmation_1ab947b9ef24006a,deepgram,4.375,3.5,3.5199999809265137,at turn end,at turn end,,,
short_confirmation_3a74fd7b7731fc0d,deepgram,2.4690001010894775,1.74,1.840000033378601,at turn end,at turn end,,,
short_confirmation_3bc2a556319163f1,deepgram,1.5140000581741333,0.78,1.0399999618530273,at turn end,at turn end,,,
short_confirmation_3fd1631ef3fc58ea,deepgram,2.062999963760376,1.1,1.2799999713897705,at turn end,at turn end,,,
short_confirmation_55f10ad688dc83c9,deepgram,2.0209999084472656,1.8,1.9199999570846558,at turn end,at turn end,,,
short_confirmation_61de1f7a8dd9169b,deepgram,4.425000190734863,3.4,3.5999999046325684,at turn end,at turn end,,,
short_confirmation_694d9b051d58ba28,deepgram,2.2239999771118164,1.68,1.9199999570846558,at turn end,at turn end,,,
short_confirmation_8bc57dfdc545cf57,deepgram,5.422999858856201,4.66,4.880000114440918,at turn end,at turn end,,,
short_confirmation_a5da3a5208745e03,deepgram,5.215000152587891,4.28,4.409999847412109,at turn end,at turn end,,,
short_confirmation_a8995fb87ecf0ae1,deepgram,2.0250000953674316,1.72,2.0,at turn end,at turn end,,,
short_confirmation_b6ed8db99395206e,deepgram,1.5210000276565552,3.98,4.28000020980835,mid-sentence pause,mid-sentence pause,0.88,3.14,"Okay, thank"
short_confirmation_d37cd36ecb2c7ebb,deepgram,5.269999980926514,4.94,5.039999961853027,at turn end,at turn end,,,
short_confirmation_d386c2f9eea1e23a,deepgram,2.5269999504089355,1.06,1.3600000143051147,at turn end,at turn end,,,
short_confirmation_dc00050fa2fe7214,deepgram,4.376999855041504,3.8000000000000003,3.8399999141693115,at turn end,at turn end,,,
short_confirmation_f60b370ce0253269,deepgram,2.071000099182129,1.86,2.0799999237060547,at turn end,at turn end,,,
short_question_0ce6a166d2abe0c5,deepgram,3.4739999771118164,4.0,4.28000020980835,mid-sentence pause,mid-sentence pause,0.84,3.5,Why'd it go
short_question_242768038719905b,deepgram,1.3289999961853027,1.2,1.440000057220459,at turn end,at turn end,,,
short_question_33f83f62646a012f,deepgram,1.7259999513626099,1.56,1.600000023841858,at turn end,at turn end,,,
short_question_5cb5fd0cf91b7070,deepgram,1.5989999771118164,1.24,1.3600000143051147,at turn end,at turn end,,,
short_question_611fb8bd4a359011,deepgram,2.2739999294281006,1.8800000000000001,1.9199999570846558,at turn end,at turn end,,,
short_question_a20bc07e1f956f44,deepgram,1.6200000047683716,1.54,1.840000033378601,at turn end,at turn end,,,
short_question_c2680fb0bed93641,deepgram,1.9240000247955322,3.8200000000000003,4.090000152587891,mid-sentence pause,mid-sentence pause,1.18,2.36,What's my
short_question_d7ad3f776b02a62b,deepgram,4.676000118255615,4.3,4.400000095367432,at turn end,at turn end,,,
single_request_0cccbb6cf1787be3,deepgram,7.72599983215332,6.78,6.960000038146973,at turn end,at turn end,,,
single_request_29d57d85169f964c,deepgram,7.324999809265137,7.0600000000000005,7.119999885559082,at turn end,at turn end,,,
single_request_474c7d879ab5f8ad,deepgram,7.372000217437744,6.08,6.159999847412109,at turn end,at turn end,,,
single_request_ed076f68bf5cd561,deepgram,9.267000198364258,8.34,8.489999771118164,at turn end,at turn end,,,
spell_out_00bdcf59421d53b4,deepgram,3.117000102996826,11.92,11.979999542236328,complete pause,complete pause,2.4,3.64,"Thank you, I appreciate that update."
spell_out_0709e091d8f71395,deepgram,6.419000148773193,14.56,14.699999809265137,complete pause,complete pause,6.24,7.18,"Sure thing, my order number is O-R-D-dash-3260847."
spell_out_0cc09c590164143c,deepgram,8.812000274658203,16.0,16.1200008392334,complete pause,complete pause,8.08,9.42,"Okay yeah it's my claim number for the outage thing, CLM-56347-VQ, that's the one they gave me when the tech came out."
spell_out_1008abf783e671c5,deepgram,7.323999881744385,15.9,16.079999923706055,complete pause,complete pause,6.68,8.540000000000001,"Okay good, now I need to get my last name spelled right in the system too so there's no mix up when I call back."
spell_out_10f7e8f502d93d02,deepgram,3.825000047683716,13.040000000000001,13.260000228881836,complete pause,complete pause,3.62,4.68,It's account number 4471235818.
spell_out_1b53ce7234b63be5,deepgram,9.496999740600586,27.060000000000002,27.239999771118164,complete pause,complete pause,8.84,12.200000000000001,"Yeah hi so my order number is ORD-8593214, I'm moving out the 8th of next month and need the meter read and final bill set up."
spell_out_30fd2d95716e6fa6,deepgram,5.2220001220703125,22.86,23.040000915527344,complete pause,complete pause,4.5600000000000005,5.74,"Yes, my order number is two-six-two-four, dash, eight-eight-seven-one."
spell_out_598b769224634912,deepgram,7.251999855041504,12.700000000000001,12.920000076293945,complete pause,complete pause,6.22,7.28,Policy number's 730425071183.
spell_out_5c03a17abcb46dd7,deepgram,3.075000047683716,13.26,13.4399995803833,complete pause,complete pause,2.38,5.44,This is my third call about this.
spell_out_b0318c57a03f1d79,deepgram,2.611999988555908,14.120000000000001,14.119999885559082,complete pause,complete pause,1.78,3.94,"Oh sure, let me think here."
spell_out_b868a11b8bc519eb,deepgram,3.568000078201294,17.14,17.31999969482422,complete pause,complete pause,2.96,6.28,My account number ends in one-four-four-eight.
spell_out_e4b42eadde069f22,deepgram,1.3700000047683716,12.16,12.319999694824219,complete pause,complete pause,0.38,3.72,Good.
trailing_entity_119922b241e7072a,deepgram,17.972999572753906,15.72,15.800000190734863,at turn end,at turn end,,,
trailing_entity_1507736bc809312c,deepgram,4.0269999504089355,20.44,20.440000534057617,complete pause,complete pause,3.1,6.5,"I need to exchange a jacket, wrong size."
trailing_entity_1b9c03bcc52b9a49,deepgram,3.4760000705718994,14.22,14.239999771118164,complete pause,complete pause,1.72,4.92,It's my Premier Checking account.
trailing_entity_1bf1a0a48e0f31be,deepgram,2.125999927520752,13.34,13.4399995803833,complete pause,complete pause,1.12,3.7,"Yes, I have that here."
trailing_entity_2340401d28ccb160,deepgram,1.475000023841858,27.66,27.920000076293945,within-chunk pause,within-chunk pause,0.9,1.58,
trailing_entity_255a616bd73d2d21,deepgram,18.851999282836914,16.9,17.0,at turn end,at turn end,,,
trailing_entity_27d3aac324283930,deepgram,5.973999977111816,25.54,25.639999389648438,complete pause,complete pause,5.5200000000000005,8.66,"Whew, it is sticky out there today, real thick air, my cows have been ornery about going out in it."
trailing_entity_324c5bd25a82465a,deepgram,1.5740000009536743,16.18,16.360000610351562,complete pause,complete pause,0.86,3.18,"Alright, good."
trailing_entity_39100397932de390,deepgram,2.2709999084472656,14.1,14.199999809265137,complete pause,complete pause,1.12,3.14,Okay good.
trailing_entity_3c46cddcc7e5c853,deepgram,5.578000068664551,26.32,26.440000534057617,complete pause,complete pause,4.72,8.42,"Oh boy, it is sticky out here today, that Gulfport humidity just sits on you like a wet towel."
trailing_entity_3e920a01cb91f82c,deepgram,3.424999952316284,25.68,25.920000076293945,complete pause,complete pause,3.02,6.28,"Oh, thank you so much, I really appreciate that."
trailing_entity_41ad6cb712da543a,deepgram,3.627000093460083,16.240000000000002,16.440000534057617,complete pause,complete pause,2.7800000000000002,4.58,Flight's AA6545.
trailing_entity_527c37a869c32e86,deepgram,3.5759999752044678,14.0,14.279999732971191,complete pause,complete pause,2.92,4.66,Confirmation code is JT9666P.
trailing_entity_54421f888412646a,deepgram,3.575000047683716,19.88,20.079999923706055,complete pause,complete pause,2.7800000000000002,5.16,"Hold on, my grandson's got that TV up too loud."
trailing_entity_546d9f682ed5b742,deepgram,7.074999809265137,22.78,22.920000076293945,complete pause,complete pause,6.34,9.08,Okay good but I still need somebody to look into why my internet keeps dropping every single night right around milking time.
trailing_entity_596c033b24dcec98,deepgram,3.0759999752044678,18.28,18.31999969482422,mid-sentence pause,mid-sentence pause,2.48,4.76,I need a replacement power adapter
trailing_entity_5a85f64e0feb954b,deepgram,12.414999961853027,11.02,11.15999984741211,at turn end,at turn end,,,
trailing_entity_71c8ffdd3843cc0d,deepgram,5.370999813079834,8.78,9.079999923706055,complete pause,complete pause,4.48,5.5600000000000005,"I don't have my PIN memorized, but I can give you the account ending digits instead."
trailing_entity_7b7df52de6bac072,deepgram,3.0269999504089355,15.9,16.1200008392334,complete pause,complete pause,1.72,4.82,"Oh, of course, dear, let me think a moment."
trailing_entity_8152cee6b7f38813,deepgram,2.7860000133514404,10.5,10.720000267028809,complete pause,complete pause,2.12,4.82,"Yeah, it's about a charge on my bill."
trailing_entity_892cb2dc5e988a99,deepgram,3.0239999294281006,20.92,20.920000076293945,complete pause,complete pause,2.54,4.42,"Oh, well thank you for looking into that for me."
trailing_entity_940cb650be622303,deepgram,2.316999912261963,18.04,18.1200008392334,complete pause,complete pause,2.02,4.48,"Okay, um, thank you so much."
trailing_entity_94b107c81ff29493,deepgram,1.6269999742507935,19.98,20.1200008392334,complete pause,complete pause,1.06,3.72,Good afternoon.
trailing_entity_a9ef2ffe10d56208,deepgram,5.425000190734863,24.46,24.6200008392334,complete pause,complete pause,4.7,6.18,"I appreciate that, but I still need this overage charge corrected on my account."
trailing_entity_b03586eb0f9cb00d,deepgram,6.676000118255615,22.8,22.959999084472656,mid-sentence pause,mid-sentence pause,5.5,7.0,"Well, my first flight's running late, so my layover in Cleveland is looking tighter than my work boots"
trailing_entity_b6910e71d333cd96,deepgram,2.7149999141693115,15.120000000000001,15.199999809265137,complete pause,complete pause,1.9000000000000001,4.4,"Oh, okay, yeah, I have that right here."
trailing_entity_b7c423d5ec105680,deepgram,2.2260000705718994,14.280000000000001,14.279999732971191,complete pause,complete pause,1.86,4.36,It's a Dell Inspiron 15.
trailing_entity_c0a3e69fe2aaae7d,deepgram,5.4730000495910645,15.38,15.390000343322754,complete pause,complete pause,5.12,6.1000000000000005,"Yes, thank you, I would like to... how do you say... reschedule my appointment with Dr. Osei."
trailing_entity_d1be0268d12f698b,deepgram,2.4700000286102295,9.88,10.020000457763672,complete pause,complete pause,1.74,2.5,It's on Vassar Street in Reno.
trailing_entity_ec33b16ae036e7c0,deepgram,5.327000141143799,18.96,19.040000915527344,mid-sentence pause,mid-sentence pause,3.92,5.5600000000000005,"Look, I need this refund processed right now, my order came missing"
trailing_entity_f3e4d6e0deab25f1,deepgram,10.82699966430664,9.72,9.800000190734863,at turn end,at turn end,,,
trailing_entity_f69d9c6c4e3cecab,deepgram,2.427000045776367,21.88,21.959999084472656,complete pause,complete pause,2.06,4.1,"Oh, thank you for looking into that."
trails_off_06745c53e5361286,deepgram,23.211000442504883,21.68,21.709999084472656,at turn end,at turn end,,,
trails_off_09ff46fc461766f1,deepgram,3.8259999752044678,21.42,21.420000076293945,complete pause,complete pause,3.06,4.16,"Alright, thanks for confirming, appreciate that, boss."
trails_off_0a79f4abc1f2f7d5,deepgram,4.425000190734863,12.36,12.640000343322754,complete pause,complete pause,2.98,6.46,I need to pay my overdue water and energy bill.
trails_off_1125f1f1f88cda73,deepgram,4.431000232696533,20.46,20.479999542236328,complete pause,complete pause,4.18,7.5600000000000005,"Thank you, but I would like to confirm the exact amount one more time, please."
trails_off_147bc005838fa2c4,deepgram,1.7269999980926514,20.240000000000002,20.440000534057617,complete pause,complete pause,1.2,2.06,"Okay, thank you."
trails_off_19f9fbeef321aab3,deepgram,1.3739999532699585,15.780000000000001,15.920000076293945,complete pause,complete pause,1.04,2.7600000000000002,"Okay, good, thanks."
trails_off_1b458742bc038091,deepgram,2.865000009536743,13.32,13.420000076293945,mid-sentence pause,mid-sentence pause,2.2600000000000002,3.52,"Okay, um, the charge was on"
trails_off_1d5a1152a4791fd0,deepgram,10.126999855041504,13.6,13.619999885559082,within-chunk pause,within-chunk pause,9.200000000000001,10.24,
trails_off_1d6d7c49b5eb1197,deepgram,4.818999767303467,10.200000000000001,10.239999771118164,complete pause,complete pause,3.58,5.5600000000000005,"Hey, so my patient ID is 9217A."
trails_off_200d7db279bd0d8f,deepgram,3.2660000324249268,14.1,14.220000267028809,complete pause,complete pause,2.54,3.72,"Oh, um, sure, sorry, let me find it."
trails_off_290744e1b1ba88c8,deepgram,4.020999908447266,23.16,23.15999984741211,complete pause,complete pause,3.0,4.96,"Good day, this is Nabil Osseiran calling."
trails_off_2f02c322131e5dba,deepgram,3.617000102996826,14.08,14.15999984741211,complete pause,complete pause,2.82,6.36,"Sure, it's T4X9570."
trails_off_72d0a1088d6f9467,deepgram,4.021999835968018,12.9,13.079999923706055,complete pause,complete pause,3.2800000000000002,4.64,Yeah so the card ending is 8-8-8-9.
trails_off_8339fa09bf8a2261,deepgram,2.0209999084472656,16.66,16.719999313354492,complete pause,complete pause,1.7,3.22,"Oh, thank you very much."
trails_off_87a7f55f711fbc9d,deepgram,2.611999988555908,22.84,22.920000076293945,complete pause,complete pause,1.8800000000000001,5.4,"Oh boy, okay, let me think."
trails_off_b28bd6cf79d8c5cd,deepgram,2.7209999561309814,7.58,7.619999885559082,complete pause,complete pause,2.18,3.02,M6499XR.
trails_off_b6780c31a7b336c9,deepgram,4.464000225067139,18.240000000000002,18.31999969482422,complete pause,complete pause,4.08,7.94,"It's HI-3791037, that's my renewal order number."
trails_off_ba0c1dc1c830e416,deepgram,5.925000190734863,22.78,22.84000015258789,complete pause,complete pause,4.98,6.72,"Oh, well, let me tell you about Biscuit first, he's a standard poodle I did up this morning, sweetest thing."
trails_off_c1106b9078452214,deepgram,2.821000099182129,20.36,20.399999618530273,complete pause,complete pause,2.06,3.48,"Well, howdy there, thanks for pickin' up."
trails_off_c8408bfd7e5265ca,deepgram,3.828000068664551,12.92,12.920000076293945,mid-sentence pause,mid-sentence pause,2.94,5.0200000000000005,I want to exchange my espresso tamper for
trails_off_c8e23811aee9ad67,deepgram,6.466000080108643,17.080000000000002,17.1200008392334,complete pause,complete pause,5.64,7.2,"Hi, yes, I got a notice saying my water meter reading wasn't submitted this quarter, and I'm worried about a penalty."
trails_off_cb581f3f0c229bd5,deepgram,4.263999938964844,21.86,22.0,complete pause,complete pause,3.18,4.84,"Well, aside from cracking a few electrical puns, I've got a couple of things."
trails_off_d3161f2c66b66ff1,deepgram,2.2750000953674316,23.78,23.920000076293945,complete pause,complete pause,2.1,4.78,"Oh, music to my ears, thank you so much!"
trails_off_ea9cc3f51ed4d510,deepgram,1.5759999752044678,19.44,19.559999465942383,complete pause,complete pause,1.3,3.46,"Okay great, thank you."
trails_off_f25b57aa5f000bca,deepgram,1.871000051498413,15.32,15.399999618530273,mid-sentence pause,mid-sentence pause,1.0,2.06,That's still
trails_off_f989343973a49594,deepgram,4.664999961853027,9.86,10.180000305175781,complete pause,complete pause,4.0200000000000005,5.0,My reference code is BZ3204XQ.
afterthought_09f9b16c52b7bac5,elevenlabs,8.781000137329102,23.580000000000002,23.68000030517578,complete pause,complete pause,7.0200000000000005,10.4,Hi yeah I need to exchange a wrist brace order GX-19356 medium for a small it's just too loose to type in all day.
afterthought_2bb910fb1ac10a7e,elevenlabs,17.961999893188477,16.14,16.280000686645508,at turn end,at turn end,,,
afterthought_2d855f8c93058c25,elevenlabs,16.365999221801758,14.52,14.619999885559082,at turn end,at turn end,,,
afterthought_599805fdb153c3cd,elevenlabs,6.2179999351501465,20.68,20.84000015258789,during speech,mid-sentence pause,4.54,6.18,"I would like to dispute the overage charge on account number nine six seven two,"
afterthought_6221323053b26399,elevenlabs,20.469999313354492,18.68,18.739999771118164,at turn end,at turn end,,,
afterthought_71fb343cb048d398,elevenlabs,6.6479997634887695,31.580000000000002,31.719999313354492,mid-sentence pause,mid-sentence pause,4.8,8.28,"Good afternoon, this is regarding my appointment with Dr. Halvorsen scheduled for next"
afterthought_9d58a6ceed4629f4,elevenlabs,17.430999755859375,15.58,15.699999809265137,at turn end,at turn end,,,
afterthought_9e713c4cd936d7cb,elevenlabs,7.511000156402588,19.36,19.520000457763672,complete pause,complete pause,5.78,7.98,"Oh, sure, it's order number 8662, um, 4471."
afterthought_bbde89918ab3eaa1,elevenlabs,8.07699966430664,18.38,18.559999465942383,complete pause,complete pause,6.2,8.84,My license number ends in 1042 and I need to move my October 4th appointment at the Ogden DMV.
afterthought_c2566d70674e1728,elevenlabs,8.640999794006348,20.240000000000002,20.239999771118164,complete pause,complete pause,6.86,9.42,"Well, I traded in my old sedan, dear, and I need to add the new car to my policy before the renewal goes through."
afterthought_c6b6c8cf44dae87f,elevenlabs,19.937000274658203,18.12,18.1200008392334,at turn end,at turn end,,,
afterthought_c8d402ab2501e19a,elevenlabs,13.951000213623047,12.22,12.279999732971191,at turn end,at turn end,,,
afterthought_d0a8dd7d49e6b3a7,elevenlabs,24.16900062561035,22.44,22.59000015258789,at turn end,at turn end,,,
afterthought_d163f6ad6c39e54b,elevenlabs,9.04699993133545,16.580000000000002,16.719999313354492,complete pause,complete pause,7.32,9.26,"My name's Ren Nakashima, address is 1754 Bay Court, Dover, Delaware, 19904."
afterthought_d4bd3ea37ca0f56e,elevenlabs,17.797000885009766,15.98,16.030000686645508,at turn end,at turn end,,,
afterthought_db18402e6dc04014,elevenlabs,7.210999965667725,18.0,18.15999984741211,during speech,complete pause,5.16,6.98,"Yes, I would like to renew my commercial driver's licence endorsement, please, before it expires next month."
afterthought_e26c582e7ccad464,elevenlabs,7.091000080108643,5.4,5.519999980926514,at turn end,at turn end,,,
afterthought_e4c993ec4c35fa3f,elevenlabs,12.522000312805176,10.58,10.65999984741211,at turn end,at turn end,,,
backchannel_03d7c65439adc9f3,elevenlabs,2.9149999618530273,22.02,22.15999984741211,complete pause,complete pause,1.28,5.1000000000000005,"Alright, hold on."
backchannel_313ce8afc6c51a5d,elevenlabs,3.375999927520752,24.080000000000002,24.15999984741211,complete pause,complete pause,1.54,5.76,"Well, howdy there."
backchannel_32242efca4b420c8,elevenlabs,3.184999942779541,15.48,15.640000343322754,complete pause,complete pause,1.44,4.6000000000000005,"Okay, hold on a second."
backchannel_514e1eb5e85d43b3,elevenlabs,14.215999603271484,12.6,12.720000267028809,at turn end,at turn end,,,
backchannel_68ec52fb3f0fba9e,elevenlabs,3.305000066757202,14.3,14.479999542236328,during speech,complete pause,1.54,3.2,"Yes, thank you for asking."
backchannel_80ac020cdce208d6,elevenlabs,3.880000114440918,20.36,20.479999542236328,complete pause,complete pause,1.94,5.2,"Yes, hold on a second."
backchannel_83855b7e46498723,elevenlabs,3.5789999961853027,14.22,14.399999618530273,complete pause,complete pause,1.84,4.0200000000000005,"Yes, one moment please."
backchannel_8779da1120ab5a49,elevenlabs,3.2939999103546143,10.620000000000001,10.800000190734863,during speech,complete pause,1.56,3.18,"Um, let me think."
backchannel_9d606119130a61ca,elevenlabs,2.7939999103546143,11.72,11.760000228881836,complete pause,complete pause,0.9400000000000001,4.66,Hold on a second.
backchannel_a530853bee87e63d,elevenlabs,2.7780001163482666,8.1,8.239999771118164,complete pause,complete pause,0.9,2.94,Hold on.
backchannel_b803eb10e079d109,elevenlabs,3.2360000610351562,13.16,13.279999732971191,complete pause,complete pause,1.1,4.48,"Um, let me think."
digit_groups_2aea06808947db5b,elevenlabs,8.21500015258789,6.38,6.420000076293945,at turn end,at turn end,,,
digit_groups_718268039e945b93,elevenlabs,12.161999702453613,10.38,10.510000228881836,at turn end,at turn end,,,
digit_groups_7e515da4242f9361,elevenlabs,23.94300079345703,22.18,22.399999618530273,at turn end,at turn end,,,
digit_groups_89722df7e6fed501,elevenlabs,3.3580000400543213,18.64,18.68000030517578,mid-sentence pause,mid-sentence pause,1.6600000000000001,5.32,"Um, sorry, yes,"
digit_groups_8d0eb0aab9e7add1,elevenlabs,12.618000030517578,10.82,10.90999984741211,at turn end,at turn end,,,
digit_groups_929f4ff301514508,elevenlabs,2.999000072479248,15.44,15.680000305175781,mid-sentence pause,mid-sentence pause,1.32,3.56,"Oh, yes, let"
digit_groups_cf24c307b9c7b6bd,elevenlabs,3.0239999294281006,7.86,8.15999984741211,complete pause,complete pause,0.9400000000000001,3.64,Order number.
digit_groups_d36e63d6d403e31d,elevenlabs,20.047000885009766,18.3,18.559999465942383,at turn end,at turn end,,,
digit_groups_fe4a6bd28c7c4071,elevenlabs,3.9769999980926514,12.98,13.239999771118164,complete pause,complete pause,2.16,4.44,"Yes, my phone number is 585."
elaboration_0a476bac5400396d,elevenlabs,3.3420000076293945,14.42,14.520000457763672,complete pause,complete pause,1.5,4.34,Don't know the exact date.
elaboration_0f65b567fde8614f,elevenlabs,13.57800006866455,11.68,11.779999732971191,at turn end,at turn end,,,
elaboration_144b35a523a2a778,elevenlabs,3.1649999618530273,14.780000000000001,14.960000038146973,complete pause,complete pause,1.48,4.48,"Okay, um, thank you."
elaboration_166aa01f1e489e6c,elevenlabs,14.604999542236328,12.82,12.979999542236328,at turn end,at turn end,,,
elaboration_47ee6422cff2a5af,elevenlabs,6.111999988555908,21.2,21.559999465942383,complete pause,complete pause,4.28,7.0600000000000005,"Oh sure, my card is on file there, the last four digits are four three three two."
elaboration_4da8628cc0e7e8b0,elevenlabs,20.454999923706055,18.62,18.719999313354492,at turn end,at turn end,,,
elaboration_5309c5360b995862,elevenlabs,4.9770002365112305,14.48,14.640000343322754,complete pause,complete pause,3.44,6.08,It's CL-96201738.
elaboration_5f178f2f7e08a5e6,elevenlabs,5.041999816894531,18.3,18.399999618530273,complete pause,complete pause,3.36,6.3,"Hi, I need to file a shipping damage claim, please."
elaboration_61257cb6fcf957fe,elevenlabs,19.871999740600586,17.98,18.059999465942383,at turn end,at turn end,,,
elaboration_8025215d7dcb0682,elevenlabs,8.12399959564209,19.3,19.360000610351562,complete pause,complete pause,6.34,8.9,"Yes, of course, the confirmation code is D-X-1-4-6-8-R-2."
elaboration_a4a94e60a893d1c2,elevenlabs,5.224999904632568,9.620000000000001,9.800000190734863,complete pause,complete pause,3.36,6.96,Address is 1796 Vine Street.
elaboration_d0758023c5b497bc,elevenlabs,13.288000106811523,11.4,11.479999542236328,at turn end,at turn end,,,
elaboration_e796e7bf9b8de8c3,elevenlabs,9.493000030517578,17.400000000000002,17.5,complete pause,complete pause,7.76,9.68,"reading, it looks wrong."
elaboration_e937d8e707d941c2,elevenlabs,4.211999893188477,9.72,9.720000267028809,complete pause,complete pause,2.48,5.0,"Well, I'd like to add my grandson to the policy."
elaboration_f93c6d67e54688e1,elevenlabs,19.292999267578125,17.400000000000002,17.479999542236328,at turn end,at turn end,,,
multi_request_02838a4f1cd8efe9,elevenlabs,6.124000072479248,16.8,17.15999984741211,complete pause,complete pause,4.48,6.28,Order number's ORD-82160-F.
multi_request_07765074176fda31,elevenlabs,4.875999927520752,18.68,18.719999313354492,complete pause,complete pause,2.96,6.58,"Yes, my card ending is one seven six nine."
multi_request_07e8fcfd8b3b5da9,elevenlabs,6.765999794006348,23.740000000000002,23.84000015258789,complete pause,complete pause,5.04,8.26,"It's R7K1503X, R7K, one five zero three X."
multi_request_10358ab811a07023,elevenlabs,4.184999942779541,14.1,14.239999771118164,complete pause,complete pause,2.44,5.62,It's 8T582FQ2.
multi_request_26a164326dd4e4e9,elevenlabs,7.177999973297119,19.36,19.440000534057617,complete pause,complete pause,5.4,8.46,My order number is OD-0137-5589.
multi_request_3486220e1cf6f0e6,elevenlabs,17.150999069213867,15.34,15.399999618530273,at turn end,at turn end,,,
multi_request_358e94ca2777a819,elevenlabs,15.265000343322754,13.5,13.710000038146973,at turn end,at turn end,,,
multi_request_38609458afd4348f,elevenlabs,21.78700065612793,19.96,20.1200008392334,at turn end,at turn end,,,
multi_request_4300fd8617038c4d,elevenlabs,8.734000205993652,20.54,20.639999389648438,complete pause,complete pause,7.0600000000000005,9.56,"Account's 2920-4471, appointment's the 14th at 2:20 with Kapoor."
multi_request_4440340207cd92a4,elevenlabs,7.421999931335449,21.62,21.799999237060547,during speech,complete pause,5.5600000000000005,7.38,Okay yeah so my bill this month is eighteen hundred dollars and fourteen cents which is insane.
multi_request_514ecabaf8752671,elevenlabs,6.4720001220703125,24.22,24.239999771118164,complete pause,complete pause,4.72,8.2,"Yeah it's W5318K2, that's the order confirmation code."
multi_request_5477fc457b1b2123,elevenlabs,7.2179999351501465,27.12,27.280000686645508,complete pause,complete pause,5.54,9.34,I would like to formally dispute a data overage charge of sixty two dollars and twenty nine cents on my latest bill.
multi_request_56a038ebf6f85567,elevenlabs,5.807000160217285,21.52,21.559999465942383,complete pause,complete pause,3.92,6.46,"Oh, thank you, my date of birth is March 5, 1946."
multi_request_5b39ad6fed5155e5,elevenlabs,14.505999565124512,12.84,12.920000076293945,at turn end,at turn end,,,
multi_request_761de59d6e9a0594,elevenlabs,12.472999572753906,10.66,10.779999732971191,at turn end,at turn end,,,
multi_request_7a10de7696caa068,elevenlabs,5.0279998779296875,13.24,13.5600004196167,during speech,complete pause,3.06,4.92,Order number ends in 0432.
multi_request_7c87bfb11549fbf3,elevenlabs,15.920000076293945,14.08,14.199999809265137,at turn end,at turn end,,,
multi_request_9d247b220d911f2a,elevenlabs,17.510000228881836,15.76,15.800000190734863,at turn end,at turn end,,,
multi_request_b99609221e61f9c3,elevenlabs,13.687999725341797,11.78,11.9399995803833,at turn end,at turn end,,,
multi_request_c802585d8a446d1e,elevenlabs,15.652000427246094,13.9,14.039999961853027,at turn end,at turn end,,,
multi_request_d149aeeda201f23c,elevenlabs,19.392000198364258,17.72,17.719999313354492,at turn end,at turn end,,,
multi_request_f207e51d665fab54,elevenlabs,6.136000156402588,20.68,20.719999313354492,complete pause,complete pause,4.42,7.8,"Good day, I am calling regarding my upcoming follow-up appointment with Dr. Simmons."
partial_entity_1fda22fff766378f,elevenlabs,15.847000122070312,14.16,14.15999984741211,at turn end,at turn end,,,
partial_entity_f530d099d8e9ea00,elevenlabs,5.743000030517578,14.86,15.0,complete pause,complete pause,3.7800000000000002,6.3,"Sure thing, it's a burst pipe emergency, not my phone skills, though those are questionable too."
question_then_context_51c348f4cb94efc7,elevenlabs,3.9660000801086426,7.140000000000001,7.239999771118164,complete pause,complete pause,2.24,4.76,Can you exchange it instead of a refund.
question_then_context_85ac766f0f99609f,elevenlabs,5.392000198364258,10.8,10.84000015258789,complete pause,complete pause,3.7600000000000002,6.44,"Oh, um, could I please give you my confirmation code now?"
question_then_context_8d33550d5c759a31,elevenlabs,20.996999740600586,19.14,19.219999313354492,at turn end,at turn end,,,
question_then_context_d5cf226545b4656f,elevenlabs,12.083999633789062,9.98,10.09000015258789,at turn end,at turn end,,,
repair_5ff2b83bdb6194ff,elevenlabs,9.305999755859375,7.46,7.599999904632568,at turn end,at turn end,,,
repair_673caabda7753d94,elevenlabs,7.331999778747559,16.0,16.040000915527344,complete pause,complete pause,5.4,8.9,"Hi, yes, I need to get a refund - actually wait, can you first just pull up my order from March 5th?"
repair_68c04a8b21eec19f,elevenlabs,8.17199993133545,16.78,17.0,complete pause,complete pause,6.34,9.72,Yeah so I want to dispute the charge from - actually can you just pull up my account with the reference code first?
repair_8f454b666fd505d7,elevenlabs,5.5970001220703125,9.1,9.239999771118164,complete pause,complete pause,3.7800000000000002,6.5,"Card ending in 96 - hang on, KAYLEE quiet down!"
repair_a7087e42bc27f7a7,elevenlabs,11.479000091552734,9.76,9.770000457763672,at turn end,at turn end,,,
repair_b3fb44b0b6df8ca3,elevenlabs,11.498000144958496,9.84,9.84000015258789,at turn end,at turn end,,,
repair_b80e8fb370625286,elevenlabs,8.013999938964844,6.12,6.159999847412109,at turn end,at turn end,,,
repair_e32aa295aaee9673,elevenlabs,3.183000087738037,15.72,15.920000076293945,mid-sentence pause,mid-sentence pause,1.12,4.0600000000000005,"Uh, yeah, it's"
repair_f8b304971011cb12,elevenlabs,12.949000358581543,11.18,11.380000114440918,at turn end,at turn end,,,
self_correction_34e0e5331a9e2991,elevenlabs,20.6560001373291,18.78,19.040000915527344,at turn end,at turn end,,,
self_correction_3e6c16bdfd132391,elevenlabs,4.172999858856201,17.2,17.360000610351562,complete pause,complete pause,2.42,6.04,"Yeah, the card ending in 4504."
self_correction_460a6b4f8a4fd686,elevenlabs,23.29199981689453,21.46,21.459999084472656,at turn end,at turn end,,,
self_correction_496725a909b408b4,elevenlabs,21.024999618530273,19.26,19.31999969482422,at turn end,at turn end,,,
self_correction_61979500519812e9,elevenlabs,13.456000328063965,11.700000000000001,11.899999618530273,at turn end,at turn end,,,
self_correction_77cac1ae9cc97eec,elevenlabs,3.135999917984009,14.06,14.15999984741211,complete pause,complete pause,1.44,3.92,"Okay, um, thank you."
self_correction_932283ddc2a57804,elevenlabs,7.379000186920166,16.46,16.559999465942383,complete pause,complete pause,5.36,7.96,"My case number is 1756, I reported this outage on March 17th."
self_correction_ab5ab3afd8e7e435,elevenlabs,5.605999946594238,24.32,24.31999969482422,during speech,complete pause,3.7600000000000002,5.58,"Yeah, it's F-H, dash, five-four... five-seven-three."
self_correction_b7fb5d2ab95d794d,elevenlabs,4.75600004196167,26.04,26.079999923706055,mid-sentence pause,mid-sentence pause,2.82,5.46,"Whew, it is hot out here today, my cows have"
self_correction_bc298977875995d0,elevenlabs,17.832000732421875,16.12,16.219999313354492,at turn end,at turn end,,,
self_correction_ca9cf55fb010c1a5,elevenlabs,8.593000411987305,6.78,6.920000076293945,at turn end,at turn end,,,
self_correction_cae6662cda5dd203,elevenlabs,9.87399959564209,32.94,33.0,complete pause,complete pause,8.2,11.94,"Yeah it's permit EP-3610-22, job site's 3610 Barrancas Avenue in Pensacola."
self_correction_eca782cfe44af90d,elevenlabs,21.118999481201172,19.5,19.68000030517578,at turn end,at turn end,,,
short_confirmation_1ab947b9ef24006a,elevenlabs,5.297999858856201,3.5,3.5199999809265137,at turn end,at turn end,,,
short_confirmation_3a74fd7b7731fc0d,elevenlabs,3.4130001068115234,1.74,1.840000033378601,at turn end,at turn end,,,
short_confirmation_3bc2a556319163f1,elevenlabs,2.6519999504089355,0.78,1.0399999618530273,at turn end,at turn end,,,
short_confirmation_3fd1631ef3fc58ea,elevenlabs,3.0239999294281006,1.1,1.2799999713897705,at turn end,at turn end,,,
short_confirmation_55f10ad688dc83c9,elevenlabs,3.5920000076293945,1.8,1.9199999570846558,at turn end,at turn end,,,
short_confirmation_61de1f7a8dd9169b,elevenlabs,5.098999977111816,3.4,3.5999999046325684,at turn end,at turn end,,,
short_confirmation_694d9b051d58ba28,elevenlabs,3.5239999294281006,1.68,1.9199999570846558,at turn end,at turn end,,,
short_confirmation_8bc57dfdc545cf57,elevenlabs,6.36299991607666,4.66,4.880000114440918,at turn end,at turn end,,,
short_confirmation_a5da3a5208745e03,elevenlabs,6.0269999504089355,4.28,4.409999847412109,at turn end,at turn end,,,
short_confirmation_a8995fb87ecf0ae1,elevenlabs,3.436000108718872,1.72,2.0,at turn end,at turn end,,,
short_confirmation_b6ed8db99395206e,elevenlabs,2.7009999752044678,3.98,4.28000020980835,mid-sentence pause,mid-sentence pause,0.88,3.14,"Okay, thank"
short_confirmation_d37cd36ecb2c7ebb,elevenlabs,6.729000091552734,4.94,5.039999961853027,at turn end,at turn end,,,
short_confirmation_d386c2f9eea1e23a,elevenlabs,2.7100000381469727,1.06,1.3600000143051147,at turn end,at turn end,,,
short_confirmation_dc00050fa2fe7214,elevenlabs,5.623000144958496,3.8000000000000003,3.8399999141693115,at turn end,at turn end,,,
short_confirmation_f60b370ce0253269,elevenlabs,3.694000005722046,1.86,2.0799999237060547,at turn end,at turn end,,,
short_question_0ce6a166d2abe0c5,elevenlabs,2.5920000076293945,4.0,4.28000020980835,mid-sentence pause,mid-sentence pause,0.84,3.5,Why'd it go
short_question_242768038719905b,elevenlabs,3.00600004196167,1.2,1.440000057220459,at turn end,at turn end,,,
short_question_33f83f62646a012f,elevenlabs,3.36299991607666,1.56,1.600000023841858,at turn end,at turn end,,,
short_question_5cb5fd0cf91b7070,elevenlabs,2.9539999961853027,1.24,1.3600000143051147,at turn end,at turn end,,,
short_question_611fb8bd4a359011,elevenlabs,3.6080000400543213,1.8800000000000001,1.9199999570846558,at turn end,at turn end,,,
short_question_a20bc07e1f956f44,elevenlabs,3.122999906539917,1.54,1.840000033378601,at turn end,at turn end,,,
short_question_c2680fb0bed93641,elevenlabs,5.5329999923706055,3.8200000000000003,4.090000152587891,at turn end,at turn end,,,
short_question_d7ad3f776b02a62b,elevenlabs,6.1579999923706055,4.3,4.400000095367432,at turn end,at turn end,,,
single_request_0cccbb6cf1787be3,elevenlabs,8.53600025177002,6.78,6.960000038146973,at turn end,at turn end,,,
single_request_29d57d85169f964c,elevenlabs,8.791999816894531,7.0600000000000005,7.119999885559082,at turn end,at turn end,,,
single_request_474c7d879ab5f8ad,elevenlabs,7.788000106811523,6.08,6.159999847412109,at turn end,at turn end,,,
single_request_ed076f68bf5cd561,elevenlabs,10.1899995803833,8.34,8.489999771118164,at turn end,at turn end,,,
spell_out_00bdcf59421d53b4,elevenlabs,13.682000160217285,11.92,11.979999542236328,at turn end,at turn end,,,
spell_out_0709e091d8f71395,elevenlabs,16.174999237060547,14.56,14.699999809265137,at turn end,at turn end,,,
spell_out_0cc09c590164143c,elevenlabs,17.70599937438965,16.0,16.1200008392334,at turn end,at turn end,,,
spell_out_1008abf783e671c5,elevenlabs,8.369000434875488,15.9,16.079999923706055,complete pause,complete pause,6.68,8.540000000000001,"Okay good, now I need to get my last name spelled right in the system too so there's no mix up when I call back."
spell_out_10f7e8f502d93d02,elevenlabs,14.819999694824219,13.040000000000001,13.260000228881836,at turn end,at turn end,,,
spell_out_1b53ce7234b63be5,elevenlabs,10.541999816894531,27.060000000000002,27.239999771118164,complete pause,complete pause,8.84,12.200000000000001,"Yeah hi so my order number is ORD-8593214, I'm moving out the 8th of next month and need the meter read and final bill set up."
spell_out_30fd2d95716e6fa6,elevenlabs,24.67300033569336,22.86,23.040000915527344,at turn end,at turn end,,,
spell_out_598b769224634912,elevenlabs,14.423999786376953,12.700000000000001,12.920000076293945,at turn end,at turn end,,,
spell_out_5c03a17abcb46dd7,elevenlabs,4.203999996185303,13.26,13.4399995803833,complete pause,complete pause,2.38,5.44,This is my third call about this.
spell_out_b0318c57a03f1d79,elevenlabs,3.5859999656677246,14.120000000000001,14.119999885559082,complete pause,complete pause,1.78,3.94,"Oh sure, let me think here."
spell_out_b868a11b8bc519eb,elevenlabs,4.71999979019165,17.14,17.31999969482422,complete pause,complete pause,2.96,6.28,My account number ends in one-four-four-eight.
spell_out_e4b42eadde069f22,elevenlabs,2.121999979019165,12.16,12.319999694824219,complete pause,complete pause,0.38,3.72,Good.
trailing_entity_119922b241e7072a,elevenlabs,17.594999313354492,15.72,15.800000190734863,at turn end,at turn end,,,
trailing_entity_1507736bc809312c,elevenlabs,4.918000221252441,20.44,20.440000534057617,complete pause,complete pause,3.1,6.5,"I need to exchange a jacket, wrong size."
trailing_entity_1b9c03bcc52b9a49,elevenlabs,3.4619998931884766,14.22,14.239999771118164,complete pause,complete pause,1.72,4.92,It's my Premier Checking account.
trailing_entity_1bf1a0a48e0f31be,elevenlabs,3.0280001163482666,13.34,13.4399995803833,complete pause,complete pause,1.12,3.7,"Yes, I have that here."
trailing_entity_2340401d28ccb160,elevenlabs,6.932000160217285,27.66,27.920000076293945,complete pause,complete pause,5.26,7.88,"Okay, uh, good, but that's not really- hey, turn that down!"
trailing_entity_255a616bd73d2d21,elevenlabs,18.735000610351562,16.9,17.0,at turn end,at turn end,,,
trailing_entity_27d3aac324283930,elevenlabs,7.357999801635742,25.54,25.639999389648438,complete pause,complete pause,5.5200000000000005,8.66,"Whew, it is sticky out there today, real thick air, my cows have been ornery about going out in it."
trailing_entity_324c5bd25a82465a,elevenlabs,2.635999917984009,16.18,16.360000610351562,complete pause,complete pause,0.86,3.18,"Alright, good."
trailing_entity_39100397932de390,elevenlabs,3.007999897003174,14.1,14.199999809265137,complete pause,complete pause,1.12,3.14,Okay good.
trailing_entity_3c46cddcc7e5c853,elevenlabs,6.478000164031982,26.32,26.440000534057617,complete pause,complete pause,4.72,8.42,"Oh boy, it is sticky out here today, that Gulfport humidity just sits on you like a wet towel."
trailing_entity_3e920a01cb91f82c,elevenlabs,4.636000156402588,25.68,25.920000076293945,complete pause,complete pause,3.02,6.28,"Oh, thank you so much, I really appreciate that."
trailing_entity_41ad6cb712da543a,elevenlabs,4.556000232696533,16.240000000000002,16.440000534057617,complete pause,complete pause,2.7800000000000002,4.58,Flight's AA6545.
trailing_entity_527c37a869c32e86,elevenlabs,4.724999904632568,14.0,14.279999732971191,during speech,complete pause,2.92,4.66,Confirmation code is JT9666P.
trailing_entity_54421f888412646a,elevenlabs,4.59499979019165,19.88,20.079999923706055,complete pause,complete pause,2.7800000000000002,5.16,"Hold on, my grandson's got that TV up too loud."
trailing_entity_546d9f682ed5b742,elevenlabs,8.342000007629395,22.78,22.920000076293945,complete pause,complete pause,6.34,9.08,Okay good but I still need somebody to look into why my internet keeps dropping every single night right around milking time.
trailing_entity_596c033b24dcec98,elevenlabs,4.160999774932861,18.28,18.31999969482422,mid-sentence pause,mid-sentence pause,2.48,4.76,I need a replacement power adapter
trailing_entity_5a85f64e0feb954b,elevenlabs,12.781999588012695,11.02,11.15999984741211,at turn end,at turn end,,,
trailing_entity_71c8ffdd3843cc0d,elevenlabs,10.668999671936035,8.78,9.079999923706055,at turn end,at turn end,,,
trailing_entity_7b7df52de6bac072,elevenlabs,3.5320000648498535,15.9,16.1200008392334,complete pause,complete pause,1.72,4.82,"Oh, of course, dear, let me think a moment."
trailing_entity_8152cee6b7f38813,elevenlabs,3.7880001068115234,10.5,10.720000267028809,complete pause,complete pause,2.12,4.82,"Yeah, it's about a charge on my bill."
trailing_entity_892cb2dc5e988a99,elevenlabs,4.5329999923706055,20.92,20.920000076293945,during speech,complete pause,2.54,4.42,"Oh, well thank you for looking into that for me."
trailing_entity_940cb650be622303,elevenlabs,3.928999900817871,18.04,18.1200008392334,complete pause,complete pause,2.02,4.48,"Okay, um, thank you so much."
trailing_entity_94b107c81ff29493,elevenlabs,2.8529999256134033,19.98,20.1200008392334,complete pause,complete pause,1.06,3.72,Good afternoon.
trailing_entity_a9ef2ffe10d56208,elevenlabs,26.301000595092773,24.46,24.6200008392334,at turn end,at turn end,,,
trailing_entity_b03586eb0f9cb00d,elevenlabs,9.928000450134277,22.8,22.959999084472656,complete pause,complete pause,8.1,10.14,after a double shift.
trailing_entity_b6910e71d333cd96,elevenlabs,3.6619999408721924,15.120000000000001,15.199999809265137,complete pause,complete pause,1.9000000000000001,4.4,"Oh, okay, yeah, I have that right here."
trailing_entity_b7c423d5ec105680,elevenlabs,3.618000030517578,14.280000000000001,14.279999732971191,complete pause,complete pause,1.86,4.36,It's a Dell Inspiron 15.
trailing_entity_c0a3e69fe2aaae7d,elevenlabs,17.19700050354004,15.38,15.390000343322754,at turn end,at turn end,,,
trailing_entity_d1be0268d12f698b,elevenlabs,11.616000175476074,9.88,10.020000457763672,at turn end,at turn end,,,
trailing_entity_ec33b16ae036e7c0,elevenlabs,5.5229997634887695,18.96,19.040000915527344,mid-sentence pause,mid-sentence pause,3.92,5.5600000000000005,"Look, I need this refund processed right now, my order came missing"
trailing_entity_f3e4d6e0deab25f1,elevenlabs,11.47700023651123,9.72,9.800000190734863,at turn end,at turn end,,,
trailing_entity_f69d9c6c4e3cecab,elevenlabs,3.756999969482422,21.88,21.959999084472656,complete pause,complete pause,2.06,4.1,"Oh, thank you for looking into that."
trails_off_06745c53e5361286,elevenlabs,23.42799949645996,21.68,21.709999084472656,at turn end,at turn end,,,
trails_off_09ff46fc461766f1,elevenlabs,23.204999923706055,21.42,21.420000076293945,at turn end,at turn end,,,
trails_off_0a79f4abc1f2f7d5,elevenlabs,4.870999813079834,12.36,12.640000343322754,complete pause,complete pause,2.98,6.46,I need to pay my overdue water and energy bill.
trails_off_1125f1f1f88cda73,elevenlabs,5.939000129699707,20.46,20.479999542236328,complete pause,complete pause,4.18,7.5600000000000005,"Thank you, but I would like to confirm the exact amount one more time, please."
trails_off_147bc005838fa2c4,elevenlabs,21.99799919128418,20.240000000000002,20.440000534057617,at turn end,at turn end,,,
trails_off_19f9fbeef321aab3,elevenlabs,2.76200008392334,15.780000000000001,15.920000076293945,during speech,complete pause,1.04,2.7600000000000002,"Okay, good, thanks."
trails_off_1b458742bc038091,elevenlabs,15.184000015258789,13.32,13.420000076293945,at turn end,at turn end,,,
trails_off_1d5a1152a4791fd0,elevenlabs,15.402000427246094,13.6,13.619999885559082,at turn end,at turn end,,,
trails_off_1d6d7c49b5eb1197,elevenlabs,5.513999938964844,10.200000000000001,10.239999771118164,complete pause,complete pause,3.58,5.5600000000000005,"Hey, so my patient ID is 9217A."
trails_off_200d7db279bd0d8f,elevenlabs,4.334000110626221,14.1,14.220000267028809,during speech,within-chunk pause,3.74,4.22,
trails_off_290744e1b1ba88c8,elevenlabs,4.752999782562256,23.16,23.15999984741211,complete pause,complete pause,3.0,4.96,"Good day, this is Nabil Osseiran calling."
trails_off_2f02c322131e5dba,elevenlabs,4.585000038146973,14.08,14.15999984741211,complete pause,complete pause,2.82,6.36,"Sure, it's T4X9570."
trails_off_72d0a1088d6f9467,elevenlabs,14.743000030517578,12.9,13.079999923706055,at turn end,at turn end,,,
trails_off_8339fa09bf8a2261,elevenlabs,18.604000091552734,16.66,16.719999313354492,at turn end,at turn end,,,
trails_off_87a7f55f711fbc9d,elevenlabs,3.7860000133514404,22.84,22.920000076293945,complete pause,complete pause,1.8800000000000001,5.4,"Oh boy, okay, let me think."
trails_off_b28bd6cf79d8c5cd,elevenlabs,9.46500015258789,7.58,7.619999885559082,at turn end,at turn end,,,
trails_off_b6780c31a7b336c9,elevenlabs,5.7729997634887695,18.240000000000002,18.31999969482422,complete pause,complete pause,4.08,7.94,"It's HI-3791037, that's my renewal order number."
trails_off_ba0c1dc1c830e416,elevenlabs,6.8520002365112305,22.78,22.84000015258789,during speech,complete pause,4.98,6.72,"Oh, well, let me tell you about Biscuit first, he's a standard poodle I did up this morning, sweetest thing."
trails_off_c1106b9078452214,elevenlabs,22.054000854492188,20.36,20.399999618530273,at turn end,at turn end,,,
trails_off_c8408bfd7e5265ca,elevenlabs,4.616000175476074,12.92,12.920000076293945,mid-sentence pause,mid-sentence pause,2.94,5.0200000000000005,I want to exchange my espresso tamper for
trails_off_c8e23811aee9ad67,elevenlabs,7.459000110626221,17.080000000000002,17.1200008392334,during speech,complete pause,5.64,7.2,"Hi, yes, I got a notice saying my water meter reading wasn't submitted this quarter, and I'm worried about a penalty."
trails_off_cb581f3f0c229bd5,elevenlabs,5.073999881744385,21.86,22.0,during speech,complete pause,3.18,4.84,"Well, aside from cracking a few electrical puns, I've got a couple of things."
trails_off_d3161f2c66b66ff1,elevenlabs,3.805000066757202,23.78,23.920000076293945,complete pause,complete pause,2.1,4.78,"Oh, music to my ears, thank you so much!"
trails_off_ea9cc3f51ed4d510,elevenlabs,3.003000020980835,19.44,19.559999465942383,complete pause,complete pause,1.3,3.46,"Okay great, thank you."
trails_off_f25b57aa5f000bca,elevenlabs,17.059999465942383,15.32,15.399999618530273,at turn end,at turn end,,,
trails_off_f989343973a49594,elevenlabs,11.807999610900879,9.86,10.180000305175781,at turn end,at turn end,,,
